B_rightHipLocX,B_rightHipLocY,B_rightHipLocZ,B_rightKneeLocX,B_rightKneeLocY,B_rightKneeLocZ,B_leftHipLocX,B_leftHipLocY,B_leftHipLocZ,B_leftKneeLocX,B_leftKneeLocY,B_leftKneeLocZ,A_rightHipLocX,A_rightHipLocY,A_rightHipLocZ,A_rightKneeLocX,A_rightKneeLocY,A_rightKneeLocZ,A_leftHipLocX,A_leftHipLocY,A_leftHipLocZ,A_leftKneeLocX,A_leftKneeLocY,A_leftKneeLocZ,A_rightHipSpdX,A_rightHipSpdY,A_rightHipSpdZ,A_rightKneeSpdX,A_rightKneeSpdY,A_rightKneeSpdZ,A_leftHipSpdX,A_leftHipSpdY,A_leftHipSpdZ,A_leftKneeSpdX,A_leftKneeSpdY,A_leftKneeSpdZ,IMU_angleX,IMU_angleY,IMU_angleZ,IMU_accX,IMU_accY,IMU_accZ,IMU_velX,IMU_velY,IMU_velZ
-0.030943881444386066,0.692620489994677,0.1394563718926059,-0.024839285214066684,0.6767235513382444,0.47696832984400317,0.052108857313824045,0.7026551336597392,0.1328759166298319,0.052108857313824045,0.7026551336597392,0.1328759166298319,-30.943881444386065,692.620489994677,139.45637189260592,-24.839285214066685,676.7235513382443,476.96832984400316,52.108857313824046,702.6551336597392,132.8759166298319,52.108857313824046,702.6551336597392,132.8759166298319,0.0,0.0,0.0,0.0,0.0,0.0,0.0,0.0,0.0,0.0,0.0,0.0,81.61213684082031,-6.187946796417236,37.545936584472656,0.3461581998690963,9.575271713733674,2.392341945022345,0.04404994451882813,-0.047028432153543624,-0.060943282164277766
-0.020354581167180457,0.6897445175310054,0.13086264236086764,-0.020803097445844975,0.6789203992361708,0.48808267764275937,0.037793626030739505,0.6968037978915343,0.12381757229311013,0.037793626030739505,0.6968037978915343,0.12381757229311013,-20.354581167180456,689.7445175310054,130.86264236086765,-20.803097445844976,678.9203992361707,488.0826776427594,37.7936260307395,696.8037978915344,123.81757229311013,37.7936260307395,696.8037978915344,123.81757229311013,105.89300277205608,-28.7597246367155,-85.93729531738259,40.361877682217084,21.968478979264017,111.14347798756197,-143.1523128308454,-58.513357682048465,-90.58344336721757,-143.1523128308454,-58.513357682048465,-90.58344336721757,82.00175476074219,-5.9816813468933105,37.013084411621094,0.8796693022549152,9.455314330458641,2.728615171015263,0.08094500728558487,0.009103487560118305,-0.06763123688381752
-0.02570004153925356,0.6951295300374406,0.13007309501159176,-0.01981384847851805,0.6816002580960259,0.48966223527192776,0.040926354709374106,0.7027855658884427,0.12469158875761767,0.040926354709374106,0.7027855658884427,0.12469158875761767,-18.514101129665992,691.4041558679595,126.55372064864653,-18.439800813994065,681.3824394499859,493.9620446938961,33.05802186689373,697.4493088596672,120.21249086496198,33.05802186689373,697.4493088596672,120.21249086496198,8.817384557673211,21.566743434151782,-38.393700110980845,21.799724521062437,24.91101377884857,53.056904199015364,-36.85818409284301,13.574694889064181,-30.074842935162696,-36.85818409284301,13.574694889064181,-30.074842935162696,81.53192138671875,-5.597799777984619,36.65785217285156,0.21979661710560322,9.157350745797158,2.327898904234171,-0.1315875695197434,-0.036060357355147996,-0.019929992462450533
-0.01130963611710225,0.7012094456842414,0.12282900667951938,-0.013322511835490802,0.6811998660228911,0.47955492384474485,0.047699026372463364,0.7121833702153367,0.12441112516862811,0.047699026372463364,0.7121833702153367,0.12441112516862811,-14.075359745975598,698.9715984417505,123.10444877911027,-14.432131785889776,682.1177438681563,485.79550529709616,42.242539338991556,708.1644378789507,122.38921315193545,42.242539338991556,708.1644378789507,122.38921315193545,32.47081251178348,86.57765450006998,-27.267692319085185,38.545524439446694,6.640860847523498,-98.95719153196761,115.81322397476148,123.81602194377514,34.015807653059476,115.81322397476148,123.81602194377514,34.015807653059476,81.25690460205078,-5.58634090423584,36.348453521728516,0.05963560625910759,9.761000332832337,2.2705140374600887,-0.11039117948212994,-0.11578655234389199,-0.030152575663638645
-0.008187987176321836,0.712033981129539,0.1326745592575901,-0.0018079153651877097,0.683175248063986,0.49151836806606075,0.06843340105284255,0.7266975761090155,0.12818761553190436,0.06843340105284255,0.7266975761090155,0.12818761553190436,-8.821395174039695,710.9481525289384,128.9552436167975,-4.386600161788684,682.9733226789716,486.14211555964835,64.59517523446273,725.265488385333,127.7010378604097,64.59517523446273,725.265488385333,127.7010378604097,61.076695410710585,129.8221484606681,62.451361617555605,106.76954933377573,5.587763662980056,-13.964545362276676,248.99863715234497,188.15683175945392,61.97104919796929,248.99863715234497,188.15683175945392,61.97104919796929,79.44635772705078,-5.953033924102783,36.23958969116211,-0.10581901682540774,9.326178572773934,3.3330111551284793,-0.25065521949442754,0.175793479568438,0.025978497248034874
0.015633431908201052,0.726697935364244,0.12818761553190436,0.06900794740171841,0.6794121273297249,0.47852029529385837,0.07597630861047892,0.7271296242395426,0.12656853610024105,0.07597630861047892,0.7271296242395426,0.12656853610024105,10.257130436415496,726.0949581705087,130.64042178960565,50.68192761503174,680.6244066946015,480.6045671230835,80.60494175016281,732.4775407909821,128.90435366126042,80.60494175016281,732.4775407909821,128.90435366126042,197.94345774401512,159.92672905992856,30.779283171936246,579.2611690481073,-24.542711679040284,-42.75752808414013,179.1372634774115,78.42232383161912,15.345982524403667,179.1372634774115,78.42232383161912,15.345982524403667,78.70150756835938,-5.672284126281738,37.053192138671875,-0.04714663884602487,9.02726540029049,3.161065008044243,0.07365199902145704,0.12706181028522068,0.0007788235023799372
0.08408163027358499,0.7306914967382357,0.12877028563373424,0.12986834520904778,0.6901900789503764,0.4847281118462281,0.03188345982342224,0.731118651514734,0.12714385116627067,0.03188345982342224,0.731118651514734,0.12714385116627067,68.69366791758091,734.2365002151761,130.1668374543995,125.39637280121882,686.5221075083202,482.06447029717646,51.45231759312826,733.5471889482383,128.0105198451671,51.45231759312826,733.5471889482383,128.0105198451671,622.6513029888495,84.75528800846769,-11.795124610469776,831.3854495246351,56.77032354377336,7.117144173689,-318.2449452017371,-7.4122326758719455,-16.00934517508204,-318.2449452017371,-7.4122326758719455,-16.00934517508204,79.16560363769531,-6.096272945404053,39.02989959716797,-0.07520726687740535,9.00552194416523,3.307944433987141,-0.07305099847508377,0.20170978160310746,0.1430290752892844
0.08417558648988684,0.7306927251856258,0.12877028563373424,0.16730643223568625,0.7024044534702862,0.4816976945132235,0.02458197406569739,0.7432847452089493,0.12035795966109535,0.02458197406569739,0.7432847452089493,0.12035795966109535,99.59377070164786,734.028332786495,128.74347155986115,180.6685000973541,699.6785179214737,482.2060624039068,21.422437921667303,739.9188091174848,122.04706545635081,21.422437921667303,739.9188091174848,122.04706545635081,366.2237401694044,-16.23661042684528,-18.199161554442554,582.0240022663252,147.9618748497342,11.141616698706773,-375.83051555002237,55.8675383844279,-64.7650640401955,-375.83051555002237,55.8675383844279,-64.7650640401955,79.19998168945312,-6.589016914367676,40.22165298461914,-0.054265514267608526,9.042034297585488,3.4749300956726077,-0.0016393570248211839,0.16904627783803303,0.13483308066107644
0.09757437490182441,0.7267116076466734,0.12818761553190436,0.1894670297960888,0.7117324548229742,0.4971437603777848,0.03754705620790043,0.7430768786990307,0.12886977374083408,0.03754705620790043,0.7430768786990307,0.12886977374083408,108.34669363482104,728.0306538985478,127.77457485014645,203.63131443454589,712.88741653893,493.0827943257763,21.29103855256352,743.9344882190486,124.74695546811897,21.29103855256352,743.9344882190486,124.74695546811897,35.83331695323541,-76.16818778787764,-10.434465752369613,187.56780891538148,144.8994417376029,111.44483300450966,6.996382731558837,48.47367436269961,22.01092310284232,6.996382731558837,48.47367436269961,22.01092310284232,78.48377990722656,-7.872442722320557,41.424861907958984,0.01822025287896395,9.374060252308846,4.067597442269325,-0.03520751748130083,-0.010246492353644835,0.08805368319353157
0.14269788941691697,0.7247257709188828,0.1278962691692267,0.2455729911636566,0.7211213768569538,0.504622638483929,0.06621202098261658,0.7380990195383246,0.12815063916253255,0.06621202098261658,0.7380990195383246,0.12815063916253255,132.69291888235188,723.1498689454525,127.55716401233983,237.5367122140143,723.054203694448,504.91053424892726,54.19363105763815,741.1735703741987,128.06503100495297,54.19363105763815,741.1735703741987,128.06503100495297,212.3959363515672,-58.43482256170105,-1.269742679333166,292.40982731301835,101.02599504163982,136.47623070967762,391.26644508076146,-34.58698460801435,47.4556028032757,391.26644508076146,-34.58698460801435,47.4556028032757,78.08271789550781,-7.855254173278809,41.69988250732422,0.17443494133651258,9.69195641040802,3.013086597919464,-0.030474123231456283,-0.01307297487025049,-0.07564082272246732
0.19048194501952634,0.7225680536732872,0.13597324995120985,0.26684588758547395,0.7162283313560884,0.4997303543785264,0.09727045052129385,0.7376536858213685,0.12978995573770885,0.09727045052129385,0.7376536858213685,0.12978995573770885,180.15232946538129,720.9651205073956,133.4831622489308,266.99123713192404,721.1381813684333,505.42483585348816,97.53186920270274,737.380081071405,130.76553526734241,97.53186920270274,737.380081071405,130.76553526734241,512.061804103006,-20.037237857412645,62.69096865920938,312.2427680051367,-28.107114306747505,3.604805787249865,491.21148400932026,-50.67073156838794,28.071070602815233,491.21148400932026,-50.67073156838794,28.071070602815233,78.14573669433594,-7.585964202880859,41.121192932128906,-0.2765613501146436,9.061616038084031,2.761908339858055,0.04446948809071064,-0.2569890486964332,-0.04763747627850957
0.2618798400474324,0.6699389155872266,0.12776530184278145,0.3180473800682779,0.6700856044168385,0.4828174869233991,0.17294922515582617,0.6859216293666618,0.12198893159734607,0.17294922515582617,0.6859216293666618,0.12198893159734607,253.8554356569339,684.4278853656213,131.5304576384854,312.0558366128516,683.8243729241326,489.1934566643071,165.9687616588359,699.4613035924018,125.38898523143324,165.9687616588359,699.4613035924018,125.38898523143324,786.012759293861,-375.20764389985237,-12.246823362814768,448.69324328020684,-406.56305170781894,-187.53040608739212,713.3559222201532,-394.50678243508605,-58.24879120713026,713.3559222201532,-394.50678243508605,-58.24879120713026,77.64726257324219,-7.860983371734619,39.413780212402344,1.6960486346483232,9.735395375490189,3.0590576997399332,-0.056733619339809416,-0.02509496444314811,-0.07849108747526115
0.3185382958671309,0.6292549994051417,0.12141575331381953,0.3401394757796569,0.6370420907860548,0.463336295035142,0.21815087458151913,0.6554125688122266,0.116212924552175,0.21815087458151913,0.6554125688122266,0.116212924552175,323.84074370436554,633.1375581956682,123.7954347191489,345.565970971612,637.3799603170077,464.7112389002835,225.01799557467794,655.4280986108879,116.90389760577204,225.01799557467794,655.4280986108879,116.90389760577204,742.4892295708689,-577.5521421928025,-92.46083397066266,353.78895712537604,-528.590712288548,-276.1560250466485,633.4475632687446,-500.9501950140185,-99.14655131902173,633.4475632687446,-500.9501950140185,-99.14655131902173,77.02847290039062,-8.256324768066406,38.17618942260742,1.0096232315897942,8.314676923155785,3.551673631668091,-0.0016729764421552088,-0.12732812638968574,-0.04149278560613288
0.3786996551651752,0.6153949515314846,0.11924761978217478,0.39058749807331167,0.6231177074211771,0.4459291720148699,0.31091082011009713,0.6225912743855526,0.11146660713519146,0.31091082011009713,0.6225912743855526,0.11146660713519146,384.61807960862006,602.7035875173048,117.58625151108825,387.4398953381209,611.0106429522929,442.8294722821244,304.34169193768236,616.9041778677266,109.95777504139949,304.34169193768236,616.9041778677266,109.95777504139949,601.3190583413192,-324.10433765249513,-71.67203991721621,403.46086448861854,-274.57074290335987,-232.83912216915377,791.5089157506919,-396.91037689478156,-74.46025731763639,791.5089157506919,-396.91037689478156,-74.46025731763639,76.28363037109375,-7.087490081787109,37.47145462036133,0.6656430830061436,8.797282714247704,3.7389318823814395,-0.04726576973689159,-0.08401235295303079,-0.2299781208933862
0.3678294043048056,0.615763254430514,0.1178309261790579,0.4242313222284647,0.619117408770418,0.4454384974342089,0.4587019653116215,0.6355980983946389,0.10581806230210325,0.4587019653116215,0.6355980983946389,0.10581806230210325,390.24298711237645,602.9167360314302,115.64341814639701,425.5117065810239,609.1701842973807,437.75401384659204,437.4280752493796,618.4374774577328,104.84857720222824,437.4280752493796,618.4374774577328,104.84857720222824,22.314744245513495,47.381953326577715,-15.215781550030421,392.51541162140086,22.20409847995755,-41.85991153349647,1388.6508345049601,38.373221651596566,-48.20995959453504,1388.6508345049601,38.373221651596566,-48.20995959453504,76.28363037109375,-5.775416374206543,37.33394241333008,0.5312665024772286,9.06222005546093,4.214764258861542,0.03954775425955057,0.05076267911965053,-0.2053071129631954
0.4217155485972456,0.5921947984685165,0.15185281090166705,0.4185272899438725,0.6221879734769327,0.48423789689759544,0.5387409101674993,0.6641313295338964,0.1346984563962339,0.5387409101674993,0.6641313295338964,0.1346984563962339,411.02540131337764,597.9692232311304,140.89474134414593,432.0727721071062,619.989209622984,469.90134964421316,552.1435901827767,653.2622215242441,124.54761856981263,552.1435901827767,653.2622215242441,124.54761856981263,123.00934246704887,-1.8119600130696023,269.70986781681415,48.50159434741019,151.90376566139125,362.33919263731883,1236.0777180302725,425.68325526424957,208.9818005450535,1236.0777180302725,425.68325526424957,208.9818005450535,76.65605163574219,-4.18259334564209,36.445858001708984,0.5124528668448329,8.72265879392624,4.140836449563503,0.07230434798670292,-0.06947461870227681,-0.24709625429813917
0.4832367861899905,0.5942244156659559,0.15225453214490514,0.478117989140904,0.6208416876092426,0.4740383015856998,0.6061359160048156,0.6573601219623955,0.13354998577185556,0.6061359160048156,0.6573601219623955,0.13354998577185556,465.64300174813246,595.3532389675546,157.90667751772042,464.7673741742217,625.7621933484052,485.0224116619607,626.5735661551963,670.2953698883508,137.9975013777391,626.5735661551963,670.2953698883508,137.9975013777391,581.5558310384531,-33.957466200906886,212.5665720241302,282.9776188724815,77.12048403260066,207.4307918854309,702.9492434939742,220.9696235751366,173.68068028392148,702.9492434939742,220.9696235751366,173.68068028392148,76.70761108398438,-2.859060525894165,35.17961883544922,0.1391301841288805,10.622277656793594,3.92017217874527,-0.048326207175358404,-0.0594120852380885,-0.12590563220719866
0.5380018792241212,0.6099412135626001,0.14796476432623007,0.5001826708855236,0.6287336893876699,0.460200142987088,0.6600931754696701,0.6415533552003458,0.1386124929388823,0.6600931754696701,0.6415533552003458,0.1386124929388823,535.0810982774041,604.8005648601417,157.11450728311382,498.76645501779404,630.1614724560554,473.37258505438854,669.4493778341032,656.2849352958368,143.55708383500829,669.4493778341032,656.2849352958368,143.55708383500829,756.6752093042841,104.54331243406702,-26.709197909190905,382.78660924595357,37.555373237334855,-152.80613266485656,350.7434838849434,-178.87794672648477,43.82638463657283,350.7434838849434,-178.87794672648477,43.82638463657283,76.67323303222656,-2.6356067657470703,35.40880584716797,-0.5321847711503506,7.808401018381119,3.2142144441604614,-0.03528238559616857,0.055595197055814796,-0.05676316794383764
0.6447437765568559,0.6267776289520816,0.1512230613363523,0.5838245122532236,0.6409388903982229,0.47681365418134103,0.7531853670376465,0.6475781023643497,0.13190932358999777,0.7531853670376465,0.6475781023643497,0.13190932358999777,635.5248083807368,623.9584124999293,151.50694949340306,570.2699470482603,638.8955962185678,470.2742645977935,737.4063197225834,643.7353622925383,136.34611362325415,737.4063197225834,643.7353622925383,136.34611362325415,1039.0311453907548,219.18054131082627,-87.62608181389679,732.8317143147498,89.37315079849408,-71.84436478674606,638.7722952346872,-174.1833703491939,-90.09878756786968,638.7722952346872,-174.1833703491939,-90.09878756786968,77.44673156738281,-3.947680711746216,35.242645263671875,-0.5003944829106332,10.397629970312119,2.5209820050001146,0.12578931032619528,0.054142471834281815,0.23869684410038947
0.7644481042158298,0.6555993420659623,0.11769952697893529,0.7330585613632025,0.6495191828577997,0.4609314289405847,0.8609427450876147,0.6766415514852298,0.12075856094778546,0.8609427450876147,0.6766415514852298,0.12075856094778546,758.4846767822252,653.2745564626995,124.76771124312368,708.1463534812735,649.2393400375983,461.7023018023839,843.9424761224814,661.6775383060774,122.18566116347242,843.9424761224814,661.6775383060774,122.18566116347242,1292.2786091131072,315.24351413641403,-282.4990388172529,1465.633437663911,113.40743023494387,-71.61665758512645,1120.064954212708,195.63620581658608,-164.19671740881645,1120.064954212708,195.63620581658608,-164.19671740881645,77.49829864501953,-4.927438735961914,37.9470100402832,-0.9199538406729698,8.694550058841706,3.0850400948524475,0.22407670582124922,0.21524687886441443,0.08699716559522735
0.8446702358806274,0.65967838369545,0.1260617604925947,0.8379672569797891,0.6063278425884578,0.4449081408773966,0.8214125510125971,0.6600469289575258,0.1245641111187176,0.8214125510125971,0.6600469289575258,0.1245641111187176,858.6482627628887,667.6187212825529,116.47677939652834,845.8381175548805,622.4185354243876,447.551555613063,862.5204079845247,667.3850947630659,118.63378252774292,862.5204079845247,667.3850947630659,118.63378252774292,1036.9356452435677,156.4593390873581,-112.11314186389,1493.5814332928148,-279.18106556085553,-153.05675500102024,214.36397729864098,103.33295865163483,-43.99526665469905,214.36397729864098,103.33295865163483,-43.99526665469905,78.24887084960938,-5.643636226654053,39.42523956298828,-0.2817016008496285,9.778298735618591,3.645665869116783,0.02081001530430423,0.26669359089838346,0.2345764179768626
0.9105720648886179,0.6766727926039664,0.12869450163251467,1.0033735468263936,0.6414176361935295,0.46544237152956625,0.8537206045819451,0.6766634432552426,0.12075856094778546,0.8537206045819451,0.6766634432552426,0.12075856094778546,925.3587521541025,678.2288676822044,122.22412374134038,1001.7819399997438,626.2337275803895,455.35426624749687,859.5912461854358,676.736200920944,119.11417417048798,859.5912461854358,676.736200920944,119.11417417048798,620.6295874170363,81.92380630961354,90.72745938254722,1573.0843149483796,-12.55637253809505,74.2152337830263,-187.3837118940891,73.61323157106594,22.785598871147823,-187.3837118940891,73.61323157106594,22.785598871147823,77.1602554321289,-6.812470436096191,41.41913604736328,-0.09478215973824262,9.056500893831254,4.455409050285817,-0.0899123781879976,0.06758264667832004,0.08366393658698612
0.9461980545565992,0.6731477948823555,0.12655347072626869,1.064751987993297,0.6459970644339617,0.46807496688924644,0.9224518515106219,0.6767365666034595,0.12075856094778546,0.9224518515106219,0.6767365666034595,0.12075856094778546,957.0360686128914,676.8498060687918,128.56450633543744,1093.5487803470041,640.6249674423809,467.265772554748,896.8546487516969,678.978681696011,121.13707563025886,896.8546487516969,678.978681696011,121.13707563025886,249.46019683993532,-23.995420311503846,87.21488283726697,929.4411231023969,197.69648089214095,157.30143880293468,346.91286102401153,24.92014950668689,26.84188531847307,346.91286102401153,24.92014950668689,26.84188531847307,76.92533874511719,-6.972898960113525,41.69988250732422,-0.8782121761143208,8.432523461580278,4.354271222949028,0.062289339463594225,0.06921652926872625,0.06701474423030483
1.0284188065236362,0.6609553278284249,0.12621663518209245,1.1374813124842427,0.6394373356295489,0.4660120897152172,0.9656885900112874,0.6688459634570668,0.11959321354741749,0.9656885900112874,0.6688459634570668,0.11959321354741749,1013.1481209924442,664.4434485450615,129.61557127038657,1149.918486015383,646.2133964500368,471.3520200496194,956.7926805074445,672.3667487826999,120.92628643285016,956.7926805074445,672.3667487826999,120.92628643285016,512.0773990746992,-147.67044332424874,8.541652029531651,450.9631756402093,72.12544080569877,45.78877857925845,676.2601186708989,-78.88814932519998,-1.0150652060587766,676.2601186708989,-78.88814932519998,-1.0150652060587766,78.83329010009766,-6.044706344604492,40.84617614746094,-0.23360293479636313,9.557909576296806,3.4260921040177346,0.26276636046388946,-0.2063029521015729,-0.21005714364719072
1.098946951310135,0.6332806888662363,0.12944833391556518,1.1882705843362718,0.6149003590260983,0.44964681273150103,1.0376729927804795,0.6460722675616667,0.12389361976424172,1.0376729927804795,0.6460722675616667,0.12389361976424172,1089.234635946577,637.5354298443549,129.61229983887554,1188.4529999893032,626.0006175941722,457.1666270703074,1034.7624364758417,651.0931043530782,122.94468446236917,1034.7624364758417,651.0931043530782,122.94468446236917,805.7876884461512,-295.18974602235795,-8.19579370728974,317.35819457079606,-228.96541296004818,-162.18326767813898,820.1761838938532,-234.1207231099341,18.038884104077457,820.1761838938532,-234.1207231099341,18.038884104077457,79.88752746582031,-5.454560279846191,40.08987045288086,0.7991244913637638,9.484581983685494,1.3971629440784454,-0.07041146466232617,0.19172732190139136,-0.08457848273447567
1.1526415540872363,0.630340612399318,0.12141575331381953,1.241351383960302,0.6095983841883705,0.44648771289998146,1.091436057039567,0.6465429928764858,0.11477464819886365,1.091436057039567,0.6465429928764858,0.11477464819886365,1158.4843748371861,623.0463752930027,123.54789696937824,1233.9981795628105,606.6871248457943,444.1486075480058,1099.758105007875,640.3288557737008,117.79556919639413,1099.758105007875,640.3288557737008,117.79556919639413,721.1165138515468,-166.46445676270383,-63.4593122324479,426.70320944775665,-235.22502514771153,-159.3194382198052,673.1645244178635,-129.0937590701089,-50.04897794253646,673.1645244178635,-129.0937590701089,-50.04897794253646,80.45475769042969,-4.2685370445251465,39.339298248291016,0.6214638604223729,11.475732575654984,2.263913992792368,0.13446520657464928,-0.435427729617227,-0.20951695471879642
1.2904069178967035,0.5647195241703407,0.13895654986684805,1.3390100225220811,0.5717004960797574,0.4258568505609044,1.2051523523869951,0.5837962679766013,0.11413700499512437,1.2051523523869951,0.5837962679766013,0.11413700499512437,1272.6669267224079,577.2281961052671,132.32301178230483,1320.501591351885,574.8752541777901,426.4262048417739,1193.7511785735946,596.8404316579813,113.49613690126024,1193.7511785735946,596.8404316579813,113.49613690126024,1145.1468892942362,-452.0970339662736,83.63329909364352,885.6420867048324,-321.87231070178706,-177.54382430364709,933.4712442975133,-431.64601837055585,-54.37714670922729,933.4712442975133,-431.64601837055585,-54.37714670922729,81.7611083984375,-4.365940093994141,40.19300079345703,0.06487144069746137,9.394778691530227,2.6858822572231293,0.23980959600862717,0.08059624137965309,0.07414713059392718
1.3286269214801714,0.5617406857717995,0.1383815673780124,1.3532952903426954,0.5641290018930536,0.43849908897444634,1.2997333256348693,0.5680915705503418,0.11861996124924146,1.2997333256348693,0.5680915705503418,0.11861996124924146,1347.5602304151512,551.8208186804878,139.55630844291323,1371.0976689423821,557.2665894436857,429.4893902181508,1297.1402541569387,562.6254636906062,115.4782741087899,1297.1402541569387,562.6254636906062,115.4782741087899,810.4079106787295,-300.39391954005487,96.12207482848916,556.0619119047261,-192.76012045816762,29.91306969973134,1089.0738073438517,-394.714879050249,23.13530173522367,1089.0738073438517,-394.714879050249,23.13530173522367,83.02161407470703,-3.5981762409210205,39.51118087768555,0.5552547777816653,8.346916716098786,3.2426719656586647,0.11774127093877422,-0.12881258900073053,-0.20745328787005318
1.3561559184459266,0.5509561078974052,0.10902639740478218,1.367309138353963,0.575864971003747,0.4990188115809869,1.4400943339645647,0.5777692391172936,0.1132077969752821,1.4400943339645647,0.5777692391172936,0.1132077969752821,1376.4758247330171,542.7947303348237,120.90695600687485,1383.7149779797612,565.0537584731434,480.12630602410775,1430.7851822372993,561.6875803483788,114.78817247005642,1430.7851822372993,561.6875803483788,114.78817247005642,210.14820823435775,-53.55532213040708,-198.3091820942875,50.167993899238205,108.16774257135394,557.7891733466494,1368.7024324651072,15.099109963664315,2.789970989005602,1368.7024324651072,15.099109963664315,2.789970989005602,81.3084716796875,-2.44653058052063,38.87519836425781,0.1794610982760787,10.118262870311737,3.794058846831322,-0.3322290740040588,0.015786652750966815,-0.0539376123321112
1.427211726627297,0.5609120104168728,0.14522431679393477,1.4235785615194263,0.5769568801457913,0.46399271451689095,1.5413474214861267,0.5842917976340181,0.1427898447926232,1.5413474214861267,0.5842917976340181,0.1427898447926232,1416.467901423483,554.7345201479669,131.25855110957522,1411.5938088842531,577.669604579,487.1367727126135,1550.442164742837,579.3398111359189,134.5782579839607,1550.442164742837,579.3398111359189,134.5782579839607,324.4834819200537,156.3161675903568,70.56965215788402,217.74044669592175,170.90276703316115,134.6575851870081,1243.825295093295,240.19244128782145,201.20631731883918,1243.825295093295,240.19244128782145,201.20631731883918,79.26873779296875,-4.022165298461914,36.898494720458984,-0.1792936120927334,8.26159706890583,2.267934684455395,-0.0263626415839692,-0.15545673294890297,0.1170465604131423
1.4807525261782233,0.575760526686088,0.11289806405650464,1.4622025641598564,0.5819649873994488,0.47614015949629873,1.5885163241979243,0.5927564758549705,0.12272161310553185,1.5885163241979243,0.5927564758549705,0.12272161310553185,1471.3521461178077,575.1088361646679,121.24960749507005,1453.8967213128528,586.1624312322239,482.2019381019347,1613.8150182026236,596.8530517187673,132.89777219829242,1613.8150182026236,596.8530517187673,132.89777219829242,573.2647865394083,241.29491856072855,-59.65931689513998,454.074584793286,92.25070066893984,-124.37230121464334,593.7701469681995,206.1823983388979,9.365719861777254,593.7701469681995,206.1823983388979,9.365719861777254,79.68699645996094,-4.8816022872924805,36.984439849853516,-0.6893999547511339,9.74427788078785,1.9143441984057428,-0.0034520741303046875,0.1622469780196921,0.19562092992769667
1.6256474907860332,0.6078938459529453,0.1164536784066623,1.6072617202707262,0.6025695035065669,0.4531611233651636,1.6781072049064851,0.6113770345839447,0.1111444806292149,1.6781072049064851,0.6113770345839447,0.1111444806292149,1597.59681252407,605.9456464973072,115.55913417959808,1576.0138417120859,600.4444140713075,457.3530825911128,1674.5544569812546,613.4366129358655,117.21988045290517,1674.5544569812546,613.4366129358655,117.21988045290517,1312.902354095323,329.49921503165126,-87.87516994208755,1274.3323210673827,139.8224225689623,-276.76314150952345,513.0561156501802,167.14044644216992,-196.50296094873434,513.0561156501802,167.14044644216992,-196.50296094873434,78.65567016601562,-5.930115222930908,37.53447723388672,0.1540600077621639,9.664154069423676,2.9148285242915155,0.00946408372675313,0.2563956298366589,0.10388845593562392
1.72223537350584,0.6263451980629275,0.12079628644286376,1.7368618703482621,0.5930272479512606,0.4653353866061988,1.678149228774534,0.6343351589987642,0.11426853065054948,1.678149228774534,0.6343351589987642,0.11426853065054948,1726.925380431979,630.6526042688674,116.64569858968906,1730.110523076667,599.6069284362703,453.9953299481239,1691.6042292024952,633.2222879887361,108.66956117928015,1691.6042292024952,633.2222879887361,108.66956117928015,1411.3280498261058,265.6562090885439,17.535315210468834,1685.2796460337531,-1.8014243901249005,-55.64302641586838,148.286071592094,201.2624486414736,-107.59895377066836,148.286071592094,201.2624486414736,-107.59895377066836,79.05674743652344,-6.566098690032959,38.10743713378906,-0.41978220976889136,9.073713927268983,3.223923161029816,0.1027326773317586,0.0009930387231100724,0.09762311158435717
1.7642213944042553,0.6412663449655748,0.12311928643389725,1.819453293383499,0.6041848842123699,0.47395190694468214,1.7029199524292236,0.6621727519104866,0.11857353521333384,1.7029199524292236,0.6621727519104866,0.11857353521333384,1795.6189408994348,645.9557508558522,122.01745269857264,1844.8045104261469,602.313798390827,466.9728838082286,1702.105233522765,659.7945745868507,112.61507380395985,1702.105233522765,659.7945745868507,112.61507380395985,673.6779607755656,142.8078857261695,68.58800470500019,1192.1677879187507,4.698821641368117,168.42248398741802,26.95623081296461,276.740953554422,56.726775341180186,26.95623081296461,276.740953554422,56.726775341180186,79.5151138305664,-7.253648281097412,38.68039321899414,-0.3508630523085594,9.228164620399475,3.323802082836628,0.10242092936434746,0.035464803805348874,0.13497292990543366
1.8500875142018973,0.6393217539943941,0.12280956071182797,1.943240393424157,0.61792978129467,0.48090216105953854,1.7826454676877395,0.654214079549378,0.1174082032397831,1.7826454676877395,0.654214079549378,0.1174082032397831,1851.8622092371156,645.1643813273143,124.80827574598263,1948.4745400763657,613.4882761913805,482.46798580011483,1758.8695584567668,664.3395431082039,118.1369805940952,1758.8695584567668,664.3395431082039,118.1369805940952,458.20937961583326,-28.28461336759898,33.59895619158021,971.6637917516298,120.24010915851477,182.60828203193367,565.5472476603828,49.78165720455136,75.84565932223647,565.5472476603828,49.78165720455136,75.84565932223647,79.46354675292969,-8.388105392456055,40.834716796875,-0.33832479469478133,9.648705140948296,3.8400457361340523,-0.05485973600501061,0.1843869676273166,0.020899726380806765
1.8880670132973403,0.6392695313836281,0.12280956071182797,1.9706088083051023,0.6128776220895099,0.449129181305681,1.8130220346309245,0.6562007464570355,0.11769952697893529,1.8130220346309245,0.6562007464570355,0.11769952697893529,1890.0484046688987,639.5131664893229,124.34529743627871,1992.2361694464637,616.9316691895108,464.55499084326556,1815.1892536220741,659.3239164007143,120.20664604736503,1815.1892536220741,659.3239164007143,120.20664604736503,356.57043806971785,-84.64187885997885,-9.949462785401119,401.90751291617397,46.41741464299321,-188.53083205705167,637.3708979144367,-90.08082613027806,21.215372709481198,637.3708979144367,-90.08082613027806,21.215372709481198,79.05101013183594,-7.746392250061035,41.29308319091797,0.3314913730323315,9.315705624818802,2.8292133003473285,-0.03361392768526236,-0.019128085543582307,-0.14750899486432606
1.9432056080568592,0.6027632064012562,0.13168187652019236,2.0380726511247547,0.5976259262539567,0.5140676425880365,1.8788392369164957,0.6253871593298743,0.12064141998347502,1.8788392369164957,0.6253871593298743,0.12064141998347502,1937.17448908608,610.7248350880382,129.11373418425657,2034.1262881232155,604.4439092793214,492.77547963460665,1879.1188369331978,632.1796246569235,121.05474850358004,1879.1188369331978,632.1796246569235,121.05474850358004,444.73777323469574,-306.331797989777,44.837330398199235,321.305850210829,-144.54641381450273,245.1819758692349,639.606760413018,-297.083692588461,2.662449572123693,639.606760413018,-297.083692588461,2.662449572123693,78.98799133300781,-7.368239402770996,41.33319091796875,0.07477278677746654,9.394668179154397,2.6955912664532664,-0.07334771622734917,-0.06045538689970865,0.02400106064108504
1.980863215560099,0.5916672272217207,0.12255754925303869,2.053325783878645,0.5744432977649291,0.48026506292149684,1.9161660822005733,0.6133335628128467,0.11143581979518437,1.9161660822005733,0.6133335628128467,0.11143581979518437,1981.0813963117214,587.2562033254133,125.98733053715391,2056.4069646918642,578.3529859799726,492.65082038125,1924.4056201873136,609.158410268564,114.30444135497034,1924.4056201873136,609.158410268564,114.30444135497034,446.39450421167544,-273.4276730622913,-25.1205369956925,205.75751913713958,-293.6481836030078,65.42327508559853,456.7545502919854,-266.47026786632165,-71.50937974894477,456.7545502919854,-266.47026786632165,-71.50937974894477,78.41503143310547,-6.938520908355713,41.23005676269531,0.8424463659524918,8.823818548321725,2.650119516849518,-0.005471711436839402,0.10316390968391366,-0.0973981160879755
2.0261939248475462,0.5637033889233841,0.11103965624692914,2.084538640449752,0.5575531774342101,0.47775926555125997,1.9645438798334556,0.588778375386074,0.10643262807013862,1.9645438798334556,0.588778375386074,0.10643262807013862,2025.8584224278727,562.47895165873,114.44408375647559,2081.3133406488114,554.3519291812636,483.38550660677777,1965.62713233943,586.7831724181608,106.35405679417708,1965.62713233943,586.7831724181608,106.35405679417708,439.9365960283067,-243.03929977054165,-131.77228937670955,213.69448992434585,-262.83168334967417,-140.67538356101244,383.02643392133024,-220.29799546793222,-92.47173269890888,383.02643392133024,-220.29799546793222,-92.47173269890888,78.5181655883789,-6.772364139556885,41.470699310302734,0.8687693613767624,10.37486559033394,3.057177527546883,-0.07749042135749022,-0.06002075485603253,-0.009865289978427026
2.093822022207635,0.5381970846063184,0.11369795927685086,2.122092325086939,0.5501765014475447,0.49014391938421253,2.0011093368270023,0.5615296519562802,0.10386110334148936,2.0011093368270023,0.5615296519562802,0.10386110334148936,2086.6941765231204,538.073369941474,109.64699589393712,2116.073045488265,543.548206719435,483.4428934102652,2001.6646203172925,562.4146258964466,101.74601433865699,2001.6646203172925,562.4146258964466,101.74601433865699,613.2736824770566,-247.58966480133202,-60.38250935232389,348.0384156415942,-101.35696028139147,-15.154804563225015,351.37708424128147,-245.34640366036655,-47.56724105420411,351.37708424128147,-245.34640366036655,-47.56724105420411,79.07392883300781,-7.110408782958984,41.20713806152344,0.7293273013830185,8.55475775063038,3.048516339361668,0.2803351839411799,0.07924060918414329,0.033771963406722144
2.13069165298354,0.5226484346220212,0.11764735518193448,2.1586325867756333,0.5407953382120206,0.4749407126018228,2.0464093929754004,0.5438748932873527,0.10794232292555116,2.0464093929754004,0.5438748932873527,0.10794232292555116,2136.3744436229485,519.8248373485624,113.67402056898206,2156.5761497157114,539.0452113769012,477.2655376985031,2043.3235163329564,541.9579369853535,104.80570920961088,2043.3235163329564,541.9579369853535,104.80570920961088,519.2269932406131,-182.264838831695,54.69020759537102,420.81599788137623,-22.26325660920539,-46.353903310818346,410.19339951211475,-209.10578933414487,38.80734232642871,410.19339951211475,-209.10578933414487,38.80734232642871,80.66102600097656,-7.414076328277588,41.0066032409668,0.4522930942475796,9.581549869179726,3.302792452275753,0.1692893911518966,-0.07128317552888817,-0.013771010185999076
2.1477064755644992,0.5146378508880408,0.11626122356845713,2.1473007522162364,0.5568526298694823,0.5691799806014088,2.1603129008245814,0.5169429386892718,0.10376090792823399,2.1603129008245814,0.5169429386892718,0.10376090792823399,2159.3693772453794,511.00120597942146,117.46887312627582,2162.627602867901,551.2668919754965,540.5640408876632,2138.069851463902,518.2439059248646,105.50744778430372,2138.069851463902,518.2439059248646,105.50744778430372,201.3574827910626,-74.84466660594225,52.476285383673115,54.618213329317044,138.39531864636893,648.4878674027559,975.7690274599349,-232.71554016536848,18.52955218181787,975.7690274599349,-232.71554016536848,18.52955218181787,81.71527099609375,-6.726526737213135,39.94090270996094,0.6806164866685868,9.065994433164597,3.3414013248682024,0.0223459975979956,-0.12260765679328602,-0.1673994955613168
2.194802781398223,0.5148009471767947,0.12298135029685987,2.2032401107782813,0.5451303306261541,0.4962810398352373,2.270408179225812,0.5338698332342391,0.10670338198693145,2.270408179225812,0.5338698332342391,0.10670338198693145,2189.212035243574,511.88422781577793,122.96978435431525,2191.6207431362513,551.7237669929999,530.9572236551369,2262.2100225042923,522.317040631265,106.87878255665326,2262.2100225042923,522.317040631265,106.87878255665326,255.17977445954,28.62004081010263,55.02570035105943,239.9198485354451,28.572776755325936,-8.50833255564365,1342.145355464477,45.93384018933472,10.214697811629039,1342.145355464477,45.93384018933472,10.214697811629039,81.08501434326172,-5.013382434844971,37.099029541015625,0.4007730944082141,10.29070778489113,3.373536452651024,-0.14840593085940784,-0.45198590012282897,-0.14869500034604816
2.2324693220336105,0.5139656664038568,0.14284269650639614,2.2025104666096844,0.5546625782392333,0.5037252806799365,2.297357548140801,0.5091592843316438,0.13558285885135624,2.297357548140801,0.5091592843316438,0.13558285885135624,2227.246850823837,514.6709599308844,138.70819351756555,2206.9126451174643,554.4081222941556,509.4037068007914,2328.1584028205134,515.4056458863062,127.46550385061106,2328.1584028205134,515.4056458863062,127.46550385061106,394.2615904297091,45.688979151631806,164.7316526999616,184.38448489622462,10.25520073922341,-338.06094078730086,690.1393515097922,-26.880925474855378,214.64892957867062,690.1393515097922,-26.880925474855378,214.64892957867062,80.21411895751953,-5.299861431121826,36.1364631652832,0.2739706315845251,11.522670514583588,2.953682395219803,-0.20417550254581027,-0.13621545265795018,0.13624158492570082
2.2935460081572527,0.5343314572740329,0.14809427541892684,2.2492590569458706,0.5878455502474061,0.5980166160127637,2.359941607414811,0.5249811612898432,0.1400018588659988,2.359941607414811,0.5249811612898432,0.1400018588659988,2285.9216475429926,530.1064011052316,150.61661901072765,2241.842378454477,578.3604870793413,561.0060099293338,2369.154236920693,521.2298263596446,143.38577218286335,2369.154236920693,521.2298263596446,143.38577218286335,607.8760628734162,163.9911403541513,136.04847634517154,335.12067099523136,252.06913376686907,519.99518467797,305.6076170805276,46.80420655775132,190.74357298779998,305.6076170805276,46.80420655775132,190.74357298779998,79.80731964111328,-6.394211769104004,36.606285095214844,-0.13357034085318448,9.310740754008293,2.402117758691311,0.0632106849941259,0.08471429562537458,0.10411114613322628
2.3636536994056527,0.5335402476934679,0.149354646130793,2.294533543860615,0.5637313046123283,0.49661100589775536,2.3762419211420984,0.5336829893372103,0.12215226531685347,2.3762419211420984,0.5336829893372103,0.12215226531685347,2359.467939909035,537.9254586915582,153.70741681379377,2289.474333394991,576.31679785722,533.4981082409739,2381.8693523337556,531.8519204117001,134.03920259262642,2381.8693523337556,531.8519204117001,134.03920259262642,774.0842260459174,98.2227860901867,22.15059294335811,510.82210592050217,7.395651019619698,-178.04618002353735,75.63665399953825,129.33286018680485,-109.60818896235163,75.63665399953825,129.33286018680485,-109.60818896235163,80.16255187988281,-6.9843573570251465,37.22508239746094,-0.4776315281912685,8.740465319752694,2.062773136496544,0.11093925802511904,-0.004135038659313486,0.10943754312393189
2.4717672794577394,0.5843064677345415,0.11878301217389953,2.3859533351965783,0.5777517081937419,0.4938797205545654,2.4440100705858674,0.5948171529011691,0.10366401173801372,2.4440100705858674,0.5948171529011691,0.10366401173801372,2462.278131830146,573.4421382554054,129.3822507244321,2373.252490821266,576.7792714663674,497.87330463501667,2426.607959417649,580.4530379341387,108.43360744436207,2426.607959417649,580.4530379341387,108.43360744436207,1066.0515575688082,355.45597574433765,-268.53412874596404,875.455669533316,-37.07232111725675,-492.73882402293526,413.45141005321994,512.2236130751018,-304.9046889047331,413.45141005321994,512.2236130751018,-304.9046889047331,80.05941772460938,-7.035924434661865,39.047088623046875,-0.4090228578820825,9.484739273786545,2.4171851563453677,-0.07668916774531577,0.31343431427413304,0.0028218615160742738
2.5312461585009696,0.5940293003249231,0.12249981236623327,2.559407402378337,0.5393257766128549,0.4532615218050271,2.4748532045325184,0.6250690989461161,0.10877989802495705,2.4748532045325184,0.6250690989461161,0.10877989802495705,2543.6711977531218,599.4811059496591,115.51464366925123,2531.9320434452566,549.1610044171379,450.90469621088084,2473.5797617899175,628.5603576197707,98.87635961188968,2473.5797617899175,628.5603576197707,98.87635961188968,857.5971916653544,304.18973988416724,-180.66108827087578,1677.7217591421813,-284.1245828535619,-495.06895581067,518.1085043627021,545.9492792691525,-116.95940661777998,518.1085043627021,545.9492792691525,-116.95940661777998,79.41770935058594,-6.737986087799072,39.58566665649414,0.04028514141216874,9.531442739367485,3.305642677545548,-0.14314174364622964,0.025965689107885756,0.12264131249098778
2.592093568356781,0.5814521710649689,0.13043272526063315,2.6199074080809153,0.5242288744472159,0.4896019402882489,2.5212690019815467,0.6168256145563631,0.1182822042774734,2.5212690019815467,0.6168256145563631,0.1182822042774734,2602.682456070148,595.6600909023437,120.82527631902929,2646.695457669091,522.1464541011966,463.0557672392453,2522.6705370930767,636.7694088425649,109.51196703488215,2522.6705370930767,636.7694088425649,109.51196703488215,550.0271570428303,-62.303574317396276,76.01492120583029,1262.0952941925511,-315.73375337841475,128.86366345402945,493.3042395103797,70.071114492388,139.7680275718838,493.3042395103797,70.071114492388,139.7680275718838,78.94215393066406,-7.001546382904053,40.13570785522461,-0.4258597326278687,9.086736845970155,3.6553368714451793,0.0037892924763201176,0.030514557506254515,0.03525867930168205
2.6555236514783433,0.597839424975351,0.1280750347615589,2.773425695320081,0.5753929044034786,0.48585948394260337,2.5763094707042,0.6065854383175215,0.11871921250972717,2.5763094707042,0.6065854383175215,0.11871921250972717,2655.2673954750517,594.2262039311563,128.90178737810334,2772.544083256201,550.1338614556031,484.9014275330581,2575.101081430389,616.167433689566,120.9307196924681,2575.101081430389,616.167433689566,120.9307196924681,486.9752917705118,-64.01584394603371,113.52512109033918,1197.0891546501146,298.4242858337467,315.7393994439297,526.119920118483,-282.6617853392209,147.05669790029407,526.119920118483,-282.6617853392209,147.05669790029407,79.16560363769531,-7.557315826416016,40.03830337524414,-0.6107499706372619,9.015791409015655,3.802813298106194,0.00553672065435552,-0.1044515064371109,0.11932823196052499
2.6806390374534588,0.5819206076576698,0.1271458349718257,2.7901188528494756,0.5358803567225547,0.47176058558602185,2.5978431352872136,0.6118136200993243,0.12655347072626869,2.5978431352872136,0.6118136200993243,0.12655347072626869,2687.0938910493583,583.5020262287999,131.2400391802221,2820.5383446185956,550.8482978707418,485.73703005289434,2606.812605013282,603.4091878637922,129.42630110098622,2606.812605013282,603.4091878637922,129.42630110098622,300.92066536224377,-106.57986306099654,24.559723586077943,471.60410770093574,88.55468672831113,17.56843033355554,316.3677874862347,-172.18302734063008,84.62118467909227,316.3677874862347,-172.18302734063008,84.62118467909227,79.83023834228516,-8.244865417480469,38.646018981933594,-0.5918457397073508,9.828575434684755,4.11958182066679,0.04192042685206678,-0.20547817112604458,-0.015035437438107861
2.7193152150814965,0.5670775478381243,0.1268361092497564,2.8363321357210975,0.5196741006871556,0.4722782324386591,2.6454417380987127,0.5982537305780046,0.12017588364924736,2.6454417380987127,0.5982537305780046,0.12017588364924736,2717.7615074677033,568.3657289859545,128.70882470378913,2842.87540060614,530.8829107230764,476.162269855293,2642.65731371301,594.6504092051017,125.35779928117944,2642.65731371301,594.6504092051017,125.35779928117944,269.43486825974577,-169.21749798485226,-36.342378205682365,90.49869705889601,-252.5219024178028,-135.07297625536913,325.9233081242585,-74.36140762034124,-49.24861380322108,325.9233081242585,-74.36140762034124,-49.24861380322108,79.8416976928711,-7.46564245223999,37.729286193847656,0.06830607689917088,11.086469396352769,2.791659557819367,-0.06785610338333607,-0.1516891257295227,-0.2535465302168221
2.7649216333890716,0.5150286001182778,0.15198971888216567,2.8423717292057704,0.4921140284039921,0.47305075723170553,2.6906431980886603,0.5609851674249691,0.12451308663519749,2.6906431980886603,0.5609851674249691,0.12451308663519749,2758.623796178356,525.4022273168932,143.88820368771226,2843.471464270894,495.1568583340289,469.55274381394594,2686.0838185461134,568.7499766440867,122.87484547809068,2686.0838185461134,568.7499766440867,122.87484547809068,406.43493484945014,-451.5084832603787,151.91299144669284,-52.23501655127463,-400.16826900217586,-79.04787100947547,442.9791983845875,-262.41077032018524,-43.49757953724184,442.9791983845875,-262.41077032018524,-43.49757953724184,80.3115234375,-5.380075454711914,33.97640609741211,0.5204531003907323,8.57515283882618,1.6298718944191934,-0.010601985862106218,-0.3520890648623318,-0.19586522501927375
2.8323284876992,0.4600469718687958,0.12469041122248496,2.8937674166538425,0.44327382640914276,0.4860337621158084,2.7623542681393163,0.5052724322980426,0.11260116719555235,2.7623542681393163,0.5052724322980426,0.11260116719555235,2822.853794510981,464.8200245812473,135.45165580344704,2876.123745671143,446.01555279613353,478.90088123666817,2753.226758396366,515.5054334198691,114.30321561279874,2753.226758396366,515.5054334198691,114.30321561279874,666.5390822729347,-661.2328322691465,-63.163157119160985,298.9265261645885,-520.5956667297315,106.13477470909949,693.7314231017102,-575.6460329453779,-85.59473314678137,693.7314231017102,-575.6460329453779,-85.59473314678137,79.69273376464844,-4.675337314605713,28.688007354736328,0.5989799640700222,8.471982226967812,2.6955754789710045,-0.21130122268444274,-0.6375661469904709,-0.17926356176486122
2.8807751257569216,0.43267384629946415,0.11646000498615786,2.933512854505091,0.4168691522681378,0.4542362262030761,2.8114897734400834,0.47595626626090565,0.10974066913381078,2.8114897734400834,0.47595626626090565,0.10974066913381078,2884.2440271283654,421.66164246005116,119.45264216520437,2926.1223054672255,409.380725735524,465.2036073428186,2815.698256805938,469.4086559206401,108.31515832555287,2815.698256805938,469.4086559206401,108.31515832555287,650.4736245610408,-458.1723574401238,-201.95555124142336,551.6251239820176,-386.8362186035388,-120.06515676420679,661.9357383433248,-506.4778613692742,-69.36812707334579,661.9357383433248,-506.4778613692742,-69.36812707334579,80.27141571044922,-4.274266242980957,24.96377944946289,0.7763796995580197,9.698281928300858,3.380193800032139,0.009614422288615504,-0.5086869956083806,-0.1342229254986122
2.8981852338083476,0.3862910610295963,0.11796369041245162,2.9495842805099435,0.40433088126426453,0.5073969581896242,2.88655776975071,0.39383325596196117,0.11002654167117175,2.88655776975071,0.39383325596196117,0.11002654167117175,2913.335259966114,383.5718423163416,111.97209009014104,2959.632833155931,394.646048060102,490.6994730321063,2885.2560828484575,401.0992526504202,107.48855981583543,2885.2560828484575,401.0992526504202,107.48855981583543,274.3567412297333,-352.62195564548796,-86.14887321748365,354.4727656561271,-121.67031764721106,231.12455402354516,692.1224844993951,-682.1979601749848,-3.4592728253922607,692.1224844993951,-682.1979601749848,-3.4592728253922607,80.01358795166016,-3.729956865310669,22.150554656982422,0.34893877018243075,8.829572793245315,3.458104147911072,-0.06764562211464775,-0.5129446244599767,-0.20623524123201264
2.9310331058305965,0.36359077450416044,0.14462172310061455,2.9567589280327238,0.38770280182731237,0.48188372980442007,2.9212559275837515,0.3750097999207044,0.11796369041245162,2.9212559275837515,0.3750097999207044,0.11796369041245162,2932.722035917203,359.30033690989825,132.69726996876932,2967.5264507204074,386.999246484286,492.58080522300645,2931.3468717326423,361.6893153292303,114.9696132058615,2931.3468717326423,361.6893153292303,114.9696132058615,136.28162867392112,-231.18045970008848,233.00761365817024,39.008412589548485,-38.37902796072883,74.6494208437286,464.7951933219548,-422.658510961202,86.53850702470928,464.7951933219548,-422.658510961202,86.53850702470928,81.3772201538086,-2.956463098526001,19.131067276000977,0.4268757959827781,9.236572331786157,3.5913923057913784,0.16347040091409154,-0.3852451535521274,-0.14536227068050278
2.924835820293725,0.35678411614292604,0.11550270073801905,2.978032348758395,0.37776032399377313,0.5008766528314734,3.0304637500880998,0.3463656933683465,0.10764845385492824,3.0304637500880998,0.3463656933683465,0.10764845385492824,2930.5353441198167,351.24529703619527,128.5080987745847,2975.0172411053413,379.7994656492916,500.10200941989825,3014.219335872367,339.2177826892711,112.70263263073899,3014.219335872367,339.2177826892711,112.70263263073899,-46.80775000057535,-53.11001216936438,-5.052485689165332,31.788674033986442,-60.10008986810497,41.29297009226049,806.2277077667915,-174.25172993097007,-12.613343528853683,806.2277077667915,-174.25172993097007,-12.613343528853683,81.98455810546875,-2.5954997539520264,16.68453598022461,0.4530370428040624,8.848925322890283,4.143410978615284,0.09332525235623042,-0.3726725034183841,-0.12845580864453
2.971680192797124,0.3344458809311802,0.12249878780804863,2.986935479110144,0.3733600462660299,0.5008766528314734,3.089457489416044,0.3265872614690599,0.11661487144554657,3.089457489416044,0.3265872614690599,0.11661487144554657,2957.198769190895,338.60075728911573,123.43245908408208,2984.097840290574,373.6426524783585,501.91730572821825,3092.2556780966634,326.0059843787802,114.81703732885532,3092.2556780966634,326.0059843787802,114.81703732885532,240.25773253260874,-99.06422238517644,-92.41476072631107,90.35261044699969,-59.02088174023382,23.00558410291812,839.7538128202184,-98.91414835373524,7.031891544121274,839.7538128202184,-98.91414835373524,7.031891544121274,83.21068572998047,-1.7704401016235352,13.642129898071289,0.46987413682043555,9.413995565772057,4.10342508673668,0.12387092723481603,-0.4732025385067601,-0.15001940697830943
3.0359853451927123,0.3175922135240512,0.1252710510350033,3.0360938489477842,0.34396186919349964,0.4807349892146058,3.140928963480385,0.28527950764723914,0.1153759459337441,3.140928963480385,0.28527950764723914,0.1153759459337441,3020.6306913802623,320.91148757478726,121.81790625730733,3023.402051056825,351.094131713534,487.50307596908715,3151.4652618514706,294.8867012506783,115.52722192124402,3151.4652618514706,294.8867012506783,115.52722192124402,692.5271376901123,-184.40001927768202,-17.086187548393916,405.66851170441845,-227.62161856298653,-157.1143030162015,579.7165346878603,-302.90520331083354,13.949057917544083,579.7165346878603,-302.90520331083354,13.949057917544083,84.12168884277344,-2.859060525894165,9.751745223999023,0.7631107592582703,7.6173251205682755,1.9649496571719647,0.2642934669411617,-0.19407381645307645,0.07539262443548414
3.0824316967381735,0.29403886308788596,0.13283446023615467,3.07310885621194,0.3338899735754132,0.49602101571518453,3.1961912133813577,0.2583433499361636,0.1309888089142766,3.1961912133813577,0.2583433499361636,0.1309888089142766,3086.1729540128176,296.38342365992105,129.22177761746536,3071.4919320739828,331.6977562610557,488.21277676127266,3199.3884442703793,259.693412682382,126.84168019247637,3199.3884442703793,259.693412682382,126.84168019247637,718.0751218464434,-254.900382926661,85.55721751054475,532.6651987742439,-218.91679333822316,-15.798661519427547,441.73980694745484,-380.95403474318124,115.94722307121611,441.73980694745484,-380.95403474318124,115.94722307121611,85.65721893310547,-3.368993043899536,9.339215278625488,-0.5046564818546176,10.817345448732377,1.1265883753448724,0.19982576161158244,0.02469184716536522,0.06291584809934828
3.170202509280858,0.2773153281290296,0.14623978600608867,3.1242019293271652,0.295891695983576,0.48303242618058434,3.25960767638429,0.23657897048023874,0.12665920110932904,3.25960767638429,0.23657897048023874,0.12665920110932904,3167.051447567623,275.17509736000795,144.0938086445769,3124.9654522561364,299.9712241238838,484.48566422563107,3254.334173397947,231.94174808546896,130.51523249375106,3254.334173397947,231.94174808546896,130.51523249375106,818.9936913683446,-220.64115346400382,165.73376305821813,552.9553863158394,-317.2987217706811,-14.734470689598322,534.4353156337658,-280.24326405993827,51.168031098592856,534.4353156337658,-280.24326405993827,51.168031098592856,84.44255065917969,-3.529421329498291,10.170003890991211,0.17093255052343012,9.12784511089325,2.337653960287571,-0.43514942928806094,0.1664970501518239,0.08678710876783054
3.269767157965228,0.24832303432707792,0.11449483833721727,3.2656631361451214,0.23573092399447293,0.455444918704079,3.3191107065347167,0.21438686521514427,0.11304871019748297,3.3191107065347167,0.21438686521514427,0.11304871019748297,3264.403097419906,249.79712552481774,128.44661325061995,3240.9074352488587,244.82473993670217,463.47590869653396,3315.9004337764272,211.55604287738228,119.51212592232716,3315.9004337764272,211.55604287738228,119.51212592232716,1008.676266499521,-249.97745189973165,-155.54143901912448,1193.9844130221702,-581.2033495900951,-223.99675064471492,629.5134141527866,-187.43753293180802,-127.67753961586365,629.5134141527866,-187.43753293180802,-127.67753961586365,83.35392761230469,-3.7528748512268066,11.241436004638672,0.2608106322214008,9.685885246396065,2.7868470069766045,-0.05501006312360287,0.11788665456467735,0.0639559872572279
3.3463637109405804,0.19283112511541356,0.12977645442384328,3.344198492935354,0.14073572677082402,0.4919361380398123,3.3160535627763754,0.22746837953867544,0.11609719396983902,3.3160535627763754,0.22746837953867544,0.11609719396983902,3352.854575442886,202.08662328551296,123.75333699739294,3351.4866245885887,153.21401703126867,476.2564203821179,3334.7736671379935,217.59056422316507,112.74259287333803,3334.7736671379935,217.59056422316507,112.74259287333803,914.5127251952395,-493.04938780048775,-93.33273767645106,1213.0145727689085,-972.2070269430163,109.8631821695708,181.8995070311592,82.50061002959566,-91.21236621433529,181.8995070311592,82.50061002959566,-91.21236621433529,83.4054946899414,-4.2685370445251465,12.123790740966797,-0.2253784970752895,9.154859831929206,3.047130841612816,0.11209362182467938,0.16533894128204452,0.13650434737464692
3.3911194090406016,0.1662305338394538,0.12196266229953644,3.453844300330415,0.06897690723899502,0.4464628313606208,3.365777903925055,0.19518166766157924,0.11534996326489329,3.365777903925055,0.19518166766157924,0.11534996326489329,3406.7238184215603,161.367744770992,119.9035100466293,3459.9400456322533,63.47593168399471,459.5770199047762,3360.411927904408,205.28455730087344,111.91798920189315,3360.411927904408,205.28455730087344,111.91798920189315,513.690990739837,-443.248764194485,-20.812679091026375,1081.56159885894,-960.8218650412381,-121.63919331858908,185.67604657499447,-85.36909881349652,0.9261134730349785,185.67604657499447,-85.36909881349652,0.9261134730349785,82.80388641357422,-5.574881553649902,13.750991821289062,0.3771993501484394,9.71078444480896,3.756301036477089,-0.18517206750327958,0.15348324739103425,0.14068401218666077
3.440171293808192,0.11853657925992933,0.13043272526063315,3.5262411180951037,0.049461619717880656,0.47681365418134103,3.383469838174562,0.18088839636904142,0.12303384644094564,3.383469838174562,0.18088839636904142,0.12303384644094564,3444.1737281437877,118.12153745611937,126.80403647804039,3538.677131569055,24.89214013503828,467.3241816788685,3381.986880781662,185.1622423808585,120.00522504623811,3381.986880781662,185.1622423808585,120.00522504623811,311.6109299609057,-423.36199568511404,75.69420687315665,774.871972851335,-367.58640614333524,39.02587666964913,222.60826420037384,-232.54357089203853,93.97828370217503,222.60826420037384,-232.54357089203853,93.97828370217503,79.52656555175781,-5.58634090423584,15.922502517700195,-0.6650784612447024,9.017602291703225,4.322664098739624,-0.2386847100728798,0.166653444284171,-0.11193934157641146
3.482465871893387,0.06732658573378181,0.12895612693126848,3.568479929290734,0.00028274428132130103,0.463336295035142,3.4343649075597087,0.12847101597024785,0.12196266229953644,3.4343649075597087,0.12847101597024785,0.12196266229953644,3479.457379539697,69.70494839016492,130.92787414124473,3581.562978265105,-1.5400799532523552,466.3410907780338,3425.2952779740626,137.94206697701554,124.51529813580142,3425.2952779740626,137.94206697701554,124.51529813580142,324.0405438352567,-490.93870441147175,56.11558992879478,371.22499313564737,-176.76402379609567,24.953176201736454,434.5912246534699,-495.71231969749607,57.75808744300149,434.5912246534699,-495.71231969749607,57.75808744300149,79.74429321289062,-4.125297546386719,15.61883544921875,0.683263521194458,7.976723061203957,1.9910818871855738,0.3192499256263627,0.0034799749034365346,-0.1980654787400945
3.5203302272185413,0.025332287245178164,0.1281103678004622,3.6059858065502253,-0.04250733841500698,0.4638986437915762,3.4720901861912754,0.09651124097176467,0.11632349445979857,3.4720901861912754,0.09651124097176467,0.11632349445979857,3517.497332222036,23.66565401202931,130.5903342683608,3608.1483305602383,-34.82749121909786,465.24742466285977,3471.791925432851,93.04106765336456,120.39521988640105,3471.791925432851,93.04106765336456,120.39521988640105,375.84226780688607,-470.6805362287853,-8.88884601476337,198.77876535275615,-315.8189185663982,-22.028753628432632,498.7731396538902,-492.1446398797388,-49.9362437919684,498.7731396538902,-492.1446398797388,-49.9362437919684,81.033447265625,-3.7700634002685547,14.822422981262207,0.6489823190867902,10.515831434726715,2.6890602189302446,0.01984886799972243,-0.5100504009051895,-0.1044269637436088
3.571508098195572,-0.08796431744291122,0.13557143287573956,3.645174556873613,-0.10947090006959043,0.48312597466703167,3.5162432540454747,-0.011426164290853524,0.11646000498615786,3.5162432540454747,-0.011426164290853524,0.11646000498615786,3566.6050219460026,-68.95438741970379,133.68419482304344,3639.083882209095,-96.84788881641953,477.15350474740774,3518.123427357786,4.613537397669419,115.826273485521,3518.123427357786,4.613537397669419,115.826273485521,496.1067604065535,-940.9885090788434,24.99613456028398,280.53248775860914,-642.4055930177766,122.06078950734116,469.22236165775564,-900.157804129764,-59.98295177310079,469.22236165775564,-900.157804129764,-59.98295177310079,81.5949478149414,-2.778846263885498,10.135626792907715,1.0118875658512116,9.399704385995866,3.226279296576977,0.13042940239331619,-0.4224540740091854,-0.13349061446798113
3.594620299536197,-0.10829102962593112,0.11480738907194758,3.6472884882758163,-0.12383956403618607,0.45227477912215075,2.998909488123433,-0.5515530023301571,0.0,2.998909488123433,-0.5515530023301571,0.0,3601.3160752144067,-126.18835818450499,121.20733414497164,3652.942135410767,-135.80308670738594,463.6986089975618,3563.367777894399,-97.35547595381675,111.20150387849124,3563.367777894399,-97.35547595381675,111.20150387849124,357.560222983038,-637.8563566664346,-124.38162815907992,134.65853051788142,-425.12714801517836,-121.03100222902114,451.8688709619784,-1100.3098504713043,-46.7579693075287,451.8688709619784,-1100.3098504713043,-46.7579693075287,82.35124969482422,-1.7074148654937744,7.752121925354004,0.523121696524322,8.660461961030961,3.0912577316164973,0.1438537563962735,-0.3713319014380201,-0.21978645324685628
3.6327984061027365,-0.17047040709219435,0.1273480717215441,3.6657351726589096,-0.14916336341595177,0.4888595613377478,3.039309396391279,-0.5955805436429304,0.0,3.039309396391279,-0.5955805436429304,0.0,3633.5729144828683,-175.35362715094743,121.31663287389793,3665.1250700030355,-157.07654062346455,477.0606695128525,3608.052361351826,-204.5097059781931,107.01961730128214,3608.052361351826,-204.5097059781931,107.01961730128214,296.82072330404395,-432.8671270352248,-20.124885406582777,87.62001398637554,-166.41698366554843,101.9675413077512,446.57303371340095,-1102.7908801320127,-41.97109158930918,446.57303371340095,-1102.7908801320127,-41.97109158930918,83.79510498046875,0.25210151076316833,4.451883792877197,0.32923383615911006,8.868272590041162,3.4687051498889927,0.10732943477525606,-0.19755080622345925,-0.22416603822954073
3.6370408968357855,-0.17006373371201494,0.12075282321868774,3.6686272220838614,-0.15067093807883014,0.4713044917216218,3.689977165340025,-0.21101335876048744,0.10852247031943581,3.689977165340025,-0.21101335876048744,0.10852247031943581,3644.5308940568834,-183.8485653491525,120.64821829233726,3669.825400172577,-156.61295080056684,476.80168232747883,3679.0138639647275,-242.07297099108342,106.8352731268495,3679.0138639647275,-242.07297099108342,106.8352731268495,95.9722309088346,-54.15790313705288,12.84239410569378,36.65503680976217,44.30382995136452,35.816173943943596,719.7538727600963,-360.6891876163898,-0.3974297455336326,719.7538727600963,-360.6891876163898,-0.3974297455336326,83.77791595458984,1.4266654253005981,2.331939220428467,0.2602713727578521,9.940804553031922,3.966844069361687,-0.14246085659089514,-0.453060185998728,-0.21760935238236745
3.683710086871572,-0.19021165328412332,0.11707947905382181,3.692686434086868,-0.17695945881586322,0.4533314871738544,3.7306464994923525,-0.22701629369326004,0.11143581979518437,3.7306464994923525,-0.22701629369326004,0.11143581979518437,3674.144930718814,-188.33381364125356,118.56110086326291,3686.6305809744,-168.6614291127822,461.0037150828964,3737.6407958201266,-239.6629583511216,110.21322014198941,3737.6407958201266,-239.6629583511216,110.21322014198941,267.53964393605764,22.489516079397642,-21.970715425195213,158.4568508509902,-89.09469261750647,-184.4040318916156,626.2635785307505,151.93276148735868,41.63133074236243,626.2635785307505,151.93276148735868,41.63133074236243,83.48571014404297,1.546986699104309,-0.12605075538158417,-0.7093295314908028,11.135853810310364,2.5642002376914026,0.06154748682628287,-0.38779689459657246,0.10315169243262133
3.7123426322050066,-0.19955038087206917,0.12663376947109756,3.7002183597774865,-0.1563893610669838,0.47412587446303445,3.7663124740728007,-0.25106869862508796,0.1201237731308378,3.7663124740728007,-0.25106869862508796,0.1201237731308378,3709.4279352149106,-194.96294044969363,123.54570467812206,3701.1837112955304,-162.7868646527557,464.13673329184445,3776.1053127288997,-241.15300328496673,118.60401538248551,3776.1053127288997,-241.15300328496673,118.60401538248551,383.7666220341709,-55.35378452619648,49.01163082810947,162.24370536797113,48.0682517143437,10.020200284464153,358.0283793009719,53.08974898809205,92.07823357166112,358.0283793009719,53.08974898809205,92.07823357166112,84.39671325683594,0.888084888458252,-1.243318796157837,-0.4299966742470861,9.641494354605674,2.341521308720112,0.12390594780255319,-0.262884072182063,0.037191031504978336
3.7832824288529405,-0.23492204463525962,0.12389361976424172,3.73377579612037,-0.1725076943318703,0.482726787660436,3.847781839886893,-0.2846584349593436,0.1245641111187176,3.847781839886893,-0.2846584349593436,0.1245641111187176,3773.1521589806785,-224.65202698354764,125.50086314407899,3728.923987050661,-167.5295559051401,478.1211633668318,3836.418429807674,-269.8859618054167,125.75793016802427,3836.418429807674,-269.8859618054167,125.75793016802427,657.9777099116421,-306.494465302918,30.8807831788713,278.18099218341086,-19.13992047019619,176.41208280471665,577.2510529274259,-301.3786526900755,79.89428665512776,577.2510529274259,-301.3786526900755,79.89428665512776,84.43682098388672,0.4297184944152832,-2.973651885986328,0.026509576421231033,9.940961258411408,1.9405644290149213,-0.022404722379624712,-0.08008811025233374,0.008218256990065575
3.851311257133182,-0.2596216374267744,0.12104989188364587,3.8083881728097,-0.22744832424930722,0.48176443376607014,3.891788750069469,-0.2998044803351907,0.11187635586697839,3.891788750069469,-0.2998044803351907,0.11187635586697839,3848.7973699818685,-259.0907384580846,123.2279484103831,3793.662482903329,-210.53728792160598,486.4275012007357,3893.151731485214,-300.6389583690036,118.3391708824019,3893.151731485214,-300.6389583690036,118.3391708824019,807.8331404566096,-380.8827235575753,-28.78020256746762,682.977227088405,-458.86336792478386,99.7415299284077,603.7390023738819,-347.5891093069221,-81.07864098994743,603.7390023738819,-347.5891093069221,-81.07864098994743,84.43682098388672,0.4297184944152832,-2.973651885986328,-0.18043054835870864,9.152286472320558,2.5763454893231392,-0.2475102926167997,0.07422521946918328,0.0017161035264706612
3.918173478504619,-0.30561765901605575,0.13163697569121213,3.902381334924619,-0.31836473597948484,0.4776263516395064,3.8877934931450433,-0.2550163829413662,0.12369196796680108,3.8877934931450433,-0.2550163829413662,0.12369196796680108,3922.3093985669884,-303.46735151359474,128.1441771461396,3892.0361505025594,-301.6304846316594,483.0483777312231,3907.162385657537,-278.81850190120406,119.19645662385214,3907.162385657537,-278.81850190120406,119.19645662385214,757.7071937272128,-455.22278753142274,44.616606675810786,1061.0436644520837,-994.7382685611989,-48.48638690672216,118.42871358428042,239.32588710023978,-12.358450816074424,118.42871358428042,239.32588710023978,-12.358450816074424,83.8409423828125,0.7161974906921387,-4.331562519073486,0.4884138669446111,9.693215900659562,3.0005168384313583,-0.10746920911820888,0.0009134109880979815,0.06007422197519303
3.9527170582428752,-0.33524472680228645,0.1241089186557878,3.966062002161578,-0.4157334219842246,0.4843394635074294,3.2688503753987503,-0.8478359852837084,0.0,3.2688503753987503,-0.8478359852837084,0.0,3966.228234206988,-339.7554497037081,126.85140362042236,3977.2036738647103,-413.62324332477425,482.0952711209099,3905.209202299378,-237.5904762381863,122.79755554015848,3905.209202299378,-237.5904762381863,122.79755554015848,426.72717966648395,-376.86790758101864,-2.8754568802107916,906.7472301029755,-1210.8727639162553,-27.286903960288655,-99.91182721636643,509.99376376181726,50.64491663705389,-99.91182721636643,509.99376376181726,50.64491663705389,83.43986511230469,-0.7104679346084595,-2.721550464630127,0.07439712144434453,8.84747404396534,3.500029853582382,0.1176875416646984,0.12695339466356861,0.16987525329220668
3.984020648213124,-0.37058734211637484,0.13194671684009862,4.008444082696502,-0.45285886098070405,0.46776233550016133,3.94638738800015,-0.3060151765582215,0.12469877138988018,3.94638738800015,-0.3060151765582215,0.12469877138988018,3990.3333040949933,-372.46546411068016,130.1875745682815,4025.9336955092967,-478.3544517344583,471.1841649778419,3930.3116829518517,-269.64247784143834,125.77951699991254,3930.3116829518517,-269.64247784143834,125.77951699991254,186.5074591833421,-314.754999439461,25.058510106521243,455.6737297427114,-669.3338558380437,-108.32923270136864,232.5503601896977,-313.78023184919635,34.630705100956376,232.5503601896977,-313.78023184919635,34.630705100956376,83.89823913574219,-1.598552942276001,-1.2834259271621704,-0.05846284209284932,9.40935170710087,4.294224411249161,-0.011467573538860083,0.2261607292072275,0.11970284717334641
4.021605865505759,-0.4218180889774663,0.13076081514584093,4.065705920027124,-0.501899937130795,0.47913183840638995,3.984372608233949,-0.3581577060455776,0.12340432174554901,3.984372608233949,-0.3581577060455776,0.12340432174554901,4016.9190218461636,-416.41293204140385,131.45296158250886,4066.135609616662,-513.3580120968657,473.21905231887314,3976.047323444986,-343.79132248451594,125.11212108586622,3976.047323444986,-343.79132248451594,125.11212108586622,233.4067001149945,-438.5616463162439,18.968042894176133,341.1700323605189,-265.3385327911367,8.321662845679311,509.02896879155554,-879.6438426337104,-10.081638526741564,509.02896879155554,-879.6438426337104,-10.081638526741564,82.76951599121094,-0.17761698365211487,0.4927438795566559,0.5517853323742747,10.185429836511613,2.6355751526355746,-0.10389012041127682,0.0792630130264314,-0.19934920558739874
4.045920517794135,-0.4544081942248405,0.1280837354040406,4.093287140524796,-0.5287350325767786,0.4689503520362054,4.010135161193832,-0.3878930355384699,0.11654404942442036,4.010135161193832,-0.3878930355384699,0.11654404942442036,4044.088955232032,-456.5486099770018,129.59744724645122,4094.774356781368,-530.6856113978339,470.8170637702831,4015.96138579297,-402.9320672150716,118.636505408497,4015.96138579297,-402.9320672150716,118.636505408497,274.57636356093684,-419.82763024059483,-22.514202307991503,269.38348123024485,-119.35571555490579,-5.655514433334854,429.1483042442194,-656.8619094346675,-72.85940553911546,429.1483042442194,-656.8619094346675,-72.85940553911546,82.68930053710938,0.35523396730422974,0.5443100929260254,-0.19757962787523867,8.558757246136667,2.5668785548210145,0.10104244391812324,0.03273893364047501,-0.037630174277673824
4.061610654380132,-0.5454841335346423,0.11997330269198535,4.093166563047295,-0.5902198516541094,0.45385896572034956,4.01576265306284,-0.46446431179703435,0.11592527833092292,4.01576265306284,-0.46446431179703435,0.11592527833092292,4064.4441036579215,-531.6261358260153,122.00766040266974,4100.968211420944,-575.2559007509012,458.60394362757967,4028.4074530890575,-465.64004145030816,114.33134445415033,4028.4074530890575,-465.64004145030816,114.33134445415033,198.98976915892507,-758.4700485387555,-83.82901875536899,32.70475263541678,-427.35487731804494,-132.88071738079466,102.99318683947462,-604.3625685208361,-51.92483035163477,102.99318683947462,-604.3625685208361,-51.92483035163477,82.87264251708984,0.3666931390762329,0.30366772413253784,0.5282524089887739,8.523437139987946,2.4912623620033267,-0.09247324888139884,0.08636766090329806,-0.05373843285310613
4.086128807856203,-0.6078323870903933,0.11012481052524029,4.109826578437489,-0.6290977226146948,0.4464628313606208,4.0421123391993365,-0.5198472656670969,0.10554881086706,4.0421123391993365,-0.5198472656670969,0.10554881086706,4085.257709819695,-609.0444627908147,110.9056108875595,4107.08929469429,-626.5292689947312,445.71396170900687,4040.099216539711,-521.9618878086037,106.620228296052,4040.099216539711,-521.9618878086037,106.620228296052,193.95578013742625,-833.9237491881096,-122.11769460235257,18.784967876521673,-556.5252722616492,-146.82016597480262,71.67357516372367,-572.6899877518192,-75.26662861556485,71.67357516372367,-572.6899877518192,-75.26662861556485,81.6522445678711,0.09740286320447922,0.7333862781524658,0.6193556468188763,8.808925105333328,2.94582607626915,-0.11092562596952173,0.02935631547842291,0.02356103153510438
4.0986078658666685,-0.654061888816563,0.11367239738684912,4.139615663346357,-0.6645964837374605,0.480382223312397,4.054372337832376,-0.5790390966531194,0.10830239278049944,4.054372337832376,-0.5790390966531194,0.10830239278049944,4100.29554636819,-665.8175321024897,109.0609099898183,4130.2553199785925,-670.1198750484946,465.74109516962,4052.033987812183,-579.0578622244491,105.45589376117144,4052.033987812183,-579.0578622244491,105.45589376117144,147.53627098877493,-567.3159306448558,-21.39810729503472,234.1538091417614,-442.0058684294351,211.8380192343771,118.38961116960022,-566.7249265600514,-15.211559743295924,118.38961116960022,-566.7249265600514,-15.211559743295924,82.5002212524414,-0.5500396490097046,1.1287271976470947,0.5614480024203659,9.048591949939729,3.175598262548447,0.0882364925544903,0.020296605708570614,0.0700966290925789
4.1055452598648055,-0.6748310144473189,0.11911214561001272,4.138754886946563,-0.665005325577902,0.5073969581896242,4.0740435037123515,-0.617691739609844,0.11491133832546885,4.0740435037123515,-0.617691739609844,0.11491133832546885,4108.086080255891,-688.2288661412866,115.81177043815619,4143.64982392402,-679.266598366081,502.58670009989424,4070.982281675896,-623.0339749195766,111.87991395512914,4070.982281675896,-623.0339749195766,111.87991395512914,64.77010213599898,-176.99147975892834,85.73469680282714,156.51479519717523,-63.257811869043614,430.3240847195082,192.04470491355505,-436.4222616680394,77.37124926075776,192.04470491355505,-436.4222616680394,77.37124926075776,83.47425079345703,-0.527121365070343,0.7448453307151794,0.5948038095608353,8.607407249808311,3.403323630988598,0.14563429593645733,-0.14260942768767357,-0.06428627748341242
4.132484077655025,-0.7044633703940307,0.12579083477179603,4.16759353327204,-0.6914863463798484,0.5085824441382061,4.179961875068671,-0.7388970354173849,0.11336267166477987,4.179961875068671,-0.7388970354173849,0.11336267166477987,4126.844774038789,-703.492627828328,125.76396056593919,4164.846953062789,-688.4101479211772,520.4218007487787,4153.733212625994,-717.1697706310341,115.54282679294457,4153.733212625994,-717.1697706310341,115.54282679294457,178.16022167481617,-93.62167747890312,115.2322724582325,196.58664326387444,-34.06053233771428,200.89853750794734,861.5202306031815,-939.375537352152,48.76419874368573,861.5202306031815,-939.375537352152,48.76419874368573,83.82948303222656,0.6990087628364563,-0.38961145281791687,0.26208379033952955,9.135927717089654,3.7774039301276208,-0.030813530623029602,-0.1955173496078163,-0.2555127087265746
4.149731911952774,-0.7175964168492682,0.12631063393540598,4.166759167570558,-0.6718789272206993,0.5174737501803535,4.225490403666415,-0.766391860035355,0.1153759459337441,4.225490403666415,-0.766391860035355,0.1153759459337441,4148.549140048421,-715.5780336211839,129.75736993984148,4172.178662413743,-677.4062960736371,523.7884808698284,4232.1878479845,-781.3348134776336,116.8407913643003,4232.1878479845,-781.3348134776336,116.8407913643003,235.67372159583155,-105.9917023430725,43.327391226185924,79.52837452630645,119.63444856121068,-2.4084969690843505,890.515240652932,-714.0439749673013,7.775573932513795,890.515240652932,-714.0439749673013,7.775573932513795,83.3883056640625,0.9969469308853149,-1.1745638847351074,0.21248039815574885,10.62155494093895,3.3315782949328425,-0.11319305792769378,-0.13397034964066187,-0.01538682489319298
4.207969645486912,-0.7373489301311396,0.11661487144554657,4.19568378237619,-0.6861719061079032,0.5054322595044735,4.252358055340413,-0.7766734200877672,0.1099791486556642,4.252358055340413,-0.7766734200877672,0.1099791486556642,4197.593911468563,-733.7214569730079,121.60833871629319,4190.652724285922,-679.1827929677771,510.16748115206315,4273.1189322118735,-798.3874458052043,112.14697879066385,4273.1189322118735,-798.3874458052043,112.14697879066385,505.94897334208054,-175.44962112620465,-95.14417101320913,167.02278320315142,12.871653289741436,-165.1695381766924,392.24017551342706,-105.06472907401616,-52.79467228824174,392.24017551342706,-105.06472907401616,-52.79467228824174,83.296630859375,0.4411776661872864,-1.6501190662384033,0.5256376072391868,8.347102657556535,3.2233407783508303,0.11208580711148897,0.0634063482683142,0.06339047749296374
4.256475115461868,-0.7772591368439398,0.13958566123328925,4.239754361431366,-0.7056154414652877,0.5364418636400473,4.30273431466151,-0.8142919590970326,0.12600293027253923,4.30273431466151,-0.8142919590970326,0.12600293027253923,4255.107763683366,-769.6603151779196,131.0191315029213,4230.511599065503,-697.6272047467642,523.0953634598284,4304.3082439830605,-810.7285084574522,120.14178135154664,4304.3082439830605,-810.7285084574522,120.14178135154664,624.2124781052964,-372.20912998840925,81.0874434780268,424.2524583533094,-207.39828281970924,112.06870850970834,246.4386806164312,-39.60322662698845,75.4198247387803,246.4386806164312,-39.60322662698845,75.4198247387803,83.81230163574219,-0.20626488327980042,-1.1287271976470947,0.03349983137100935,9.484852125048638,2.5112420055270195,-0.15722615379172536,0.10192722924093882,0.11677510940128803
4.334826695521492,-0.8029698432545453,0.12342902758278373,4.295492287052421,-0.7515855406414105,0.482726787660436,4.380352479714111,-0.8454788569386075,0.11463082148988349,4.380352479714111,-0.8454788569386075,0.11463082148988349,4330.3628494674595,-804.7647839702078,128.60271446766095,4289.750589941522,-742.4514428971894,498.68570725664466,4364.665136538633,-835.7978043844404,118.8936985864966,4364.665136538633,-835.7978043844404,118.8936985864966,776.6385151533597,-379.04486237863665,0.6342416140525386,637.0589662553305,-485.73349095158534,-216.10542041690684,601.9455646629028,-247.7325848967364,4.992792204145779,601.9455646629028,-247.7325848967364,4.992792204145779,83.98417663574219,-1.3063442707061768,-0.8307890892028809,-0.595529741384089,9.223289796710015,2.287220702022314,0.18027256690565321,-0.12071835209156302,0.10120284943679386
4.39138501269807,-0.852630398568142,0.1239954552093775,4.329206434095267,-0.7905768472517918,0.4691279902263417,4.36578598163953,-0.812293324475985,0.10877989802495705,4.36578598163953,-0.812293324475985,0.10877989802495705,4397.151984229584,-849.8169674977171,125.05368711404572,4337.300221547441,-791.8355639950144,470.20710019343835,4384.154233665825,-826.7637484742414,111.65593308912676,4384.154233665825,-826.7637484742414,111.65593308912676,696.6325480650668,-453.26851398961895,-55.24044040311603,504.60839683031725,-539.3680047675603,-349.7259557873088,228.8722623222683,84.84324743590626,-89.74442678045011,228.8722623222683,84.84324743590626,-89.74442678045011,84.17326354980469,-1.5699048042297363,-0.19480572640895844,0.2789808548614383,9.74636533677578,2.6504817518591883,-0.12945525137269603,0.23746484915637758,0.07128818560060343
4.455017724190015,-0.8728284558966679,0.12900424278140118,4.438374948656252,-0.903330270244745,0.4697106059465226,4.430959846841066,-0.8396383068620517,0.128389799035027,4.430959846841066,-0.8396383068620517,0.128389799035027,4458.468700636506,-879.8153820727101,126.06922194096416,4423.317663850411,-886.8807224949575,459.03938490358075,4422.553817165939,-832.0028552403201,120.5230905745823,4422.553817165939,-832.0028552403201,120.5230905745823,601.2249962402317,-311.3835970085758,8.290195799850505,858.001415198513,-978.4767662295964,-116.23337597005518,321.1079872783048,4.351480426189158,83.77529822882369,321.1079872783048,4.351480426189158,83.77529822882369,84.97540283203125,-1.9194093942642212,0.6187946200370789,0.31471819639205934,9.436438933610917,3.213473894298077,0.11242737416022196,0.03626850835792224,0.07601274148473104
4.502618979251016,-0.9067202917297972,0.13055290944209016,4.518189054613271,-0.9773358138416257,0.4800031482307173,4.4605283779903395,-0.8459270427731505,0.12440024959164823,4.4605283779903395,-0.8459270427731505,0.12440024959164823,4507.158287926794,-907.5422068290152,129.63563314657233,4517.006475069459,-981.4334906857031,470.9536758593204,4459.134211012467,-841.8426200249571,126.27623294514918,4459.134211012467,-841.8426200249571,126.27623294514918,474.6348287929755,-253.31481578293662,45.25326542903055,1007.1319189184164,-1025.4840559188592,157.81688048321448,392.9181229991699,-119.69232115426156,83.91861729117508,392.9181229991699,-119.69232115426156,83.91861729117508,84.84361267089844,-2.561122179031372,1.6214710474014282,-0.29175603434443476,9.237666345834732,3.3528270766139032,-0.04012230628779915,0.16097125730027834,0.1331672484605127
4.540604008516363,-0.9350072052572922,0.13163697569121213,4.5992661582307095,-1.012548051444635,0.48966223527192776,4.481483585419451,-0.8663759425094502,0.12282900667951938,4.481483585419451,-0.8663759425094502,0.12282900667951938,4544.256986008444,-934.1956398196277,132.50235661579714,4605.442062420594,-1034.1370138450893,489.75126241030614,4486.519930498201,-862.8825644224661,126.32590191025123,4486.519930498201,-862.8825644224661,126.32590191025123,347.05201620963476,-261.9352517291144,32.36578213212161,900.8367393602996,-516.8378740425336,227.86444151211316,269.8335998009753,-223.00218961739407,-6.437231991472558,269.8335998009753,-223.00218961739407,-6.437231991472558,84.654541015625,-3.9705989360809326,3.5007731914520264,0.44878692101687195,9.78347644507885,4.119399679899216,-0.14855059043840196,0.24950202082782427,0.21530803169990223
4.535061198816612,-0.9475526340892603,0.12962370142224788,4.603869869292625,-1.030120714013891,0.48608969489895715,4.497217152076643,-0.8827027165359111,0.12440024959164823,4.497217152076643,-0.8827027165359111,0.12440024959164823,4547.414064891503,-951.2583775170181,131.42197677404167,4630.858619725739,-1045.12992147562,494.3607096836889,4501.60683250296,-883.8418717253063,124.55359397411604,4501.60683250296,-883.8418717253063,124.55359397411604,-2.0430500211242872,-165.69672874772198,-13.662313486726168,222.47408531937162,-25.832367425438417,52.717523070059144,127.59342123718223,-225.7513823389837,-28.741582753439285,127.59342123718223,-225.7513823389837,-28.741582753439285,83.32527923583984,-3.92476224899292,5.54050350189209,0.047061433950439095,10.2997651219368,3.337632209658623,-0.01525853127105607,0.2414191606097444,-0.12946104374796813
4.577772508975074,-1.021649263325604,0.14980369924505033,4.640279493915105,-1.088392967886392,0.47710760858889983,4.523872755669431,-0.9420243520117435,0.12900424278140118,4.523872755669431,-0.9420243520117435,0.12900424278140118,4567.319016176629,-1005.4028964887425,143.85124516417875,4641.750095975887,-1074.5816022181284,483.3657460255925,4520.510972554045,-931.6557334102487,126.74850525161152,4520.510972554045,-931.6557334102487,126.74850525161152,146.4265830554395,-538.4779792144567,123.207833366876,0.2674631396534788,-233.12337680323975,-137.71992803111334,169.37107146811857,-489.30569616470996,21.20924070948723,169.37107146811857,-489.30569616470996,21.20924070948723,83.02161407470703,-2.9106266498565674,6.611935615539551,0.20483295271173121,9.52339229285717,1.922413063645363,0.042493268631581996,0.09159259978058074,-0.043214019878803626
4.6050280083393895,-1.0965086372800212,0.16657979976651158,4.680924870803647,-1.1384483237958651,0.5205675902666583,4.54156118076475,-1.0090537152232195,0.13125305275320792,4.54156118076475,-1.0090537152232195,0.13125305275320792,4598.45321255025,-1086.8351464655655,164.00167744233198,4668.285441684765,-1126.748732323525,504.93618627929624,4540.343694095904,-1001.7462392898324,130.67641827563378,4540.343694095904,-1001.7462392898324,130.67641827563378,339.83239608343405,-886.3631336136044,227.43624526976834,244.32019841227347,-559.6274378408626,203.66112749194,204.10815040601582,-755.8469263937615,46.58489772919943,204.10815040601582,-755.8469263937615,46.58489772919943,85.06707000732422,-2.859060525894165,6.342644691467285,0.9412945698201657,11.293291261196137,2.8264469826221466,-0.21047083242596415,-0.22773139501233633,0.02941143875085804
4.623759807965355,-1.1443676458395846,0.16216847553640013,4.65855645205388,-1.1554644129143345,0.5321262206791137,4.57627694776398,-1.0761955257160774,0.12747952860190387,4.57627694776398,-1.0761955257160774,0.12747952860190387,4626.743037007406,-1154.8942036226729,169.82312827686425,4668.879262756581,-1164.3120879281537,531.2176508951192,4571.7126328785,-1077.689692394759,129.87704495857375,4571.7126328785,-1077.689692394759,129.87704495857375,299.4794531676938,-723.9431590667925,66.7217669536131,19.929375118194592,-405.4123964239882,319.8983967751409,318.65496673135635,-802.6777674566632,-7.18497166715959,318.65496673135635,-802.6777674566632,-7.18497166715959,84.03002166748047,-2.9507336616516113,4.9560866355896,0.6000220109894872,8.779377955198289,2.9651166254282,0.04028274925717195,-0.1487210327452596,-0.0013316984660297715
4.638035181734744,-1.1876332473577185,0.16510435191511283,4.665751877021953,-1.187848613585895,0.482642841919125,4.590660417100335,-1.1311589072920563,0.12994921881716576,4.590660417100335,-1.1311589072920563,0.12994921881716576,4643.450192466777,-1199.1553397853797,168.0224078510638,4666.199271177706,-1192.4118419409956,506.7978567513725,4594.868630526509,-1139.6016463128317,129.55437964457712,4594.868630526509,-1139.6016463128317,129.55437964457712,154.9827902620683,-412.7361340462296,-44.634173761228226,-77.25423049585584,-249.52778399046744,-254.536953447752,246.46335112638758,-626.5177975606231,-11.149532865807755,246.46335112638758,-626.5177975606231,-11.149532865807755,83.31954956054688,-2.8246829509735107,3.1398096084594727,0.8171906335651875,9.203122165203094,3.3130133852362635,-0.10682147009550201,-0.26086814249504514,-0.08788981556550292
4.644982039582684,-1.2031539455472133,0.15649679242288567,4.6698448689458445,-1.1829242646077658,0.5243008200817745,4.597633561516839,-1.1480001348878166,0.12873635204764008,4.597633561516839,-1.1480001348878166,0.12873635204764008,4648.640102127677,-1213.265594407579,158.2007149748647,4666.019855944303,-1192.5945632983096,509.8263497554708,4603.864744212114,-1163.6561634258887,128.6312705383063,4603.864744212114,-1163.6561634258887,128.6312705383063,27.884086614606392,-92.07708359444337,-113.89905421259388,-11.730987155292693,25.678880686177212,-45.46432519749999,71.21175360555024,-206.06455866992246,-8.69478839413376,71.21175360555024,-206.06455866992246,-8.69478839413376,81.97309875488281,-2.463719367980957,2.0970263481140137,0.5846138668432832,9.274589758515358,3.6885946646332743,-0.21663641642897394,-0.15628207984615328,-0.08733365599321895
4.631929473118294,-1.1941606337362114,0.15586659935354394,4.68310763716765,-1.2012949745605963,0.5030236665435404,4.713724311275861,-1.2487471266064263,0.1452814652317607,4.713724311275861,-1.2487471266064263,0.1452814652317607,4637.131039876775,-1201.195395619446,152.815981608597,4677.69373547682,-1196.831155294402,504.3071880411816,4682.901767038188,-1228.3243333312564,140.10139050061403,4682.901767038188,-1228.3243333312564,140.10139050061403,-140.95554538652533,180.0771507250269,-65.42045192449977,124.72712213962333,2.370382296585871,-13.116397296010469,793.1985510673011,-600.847634698142,118.65966293726804,793.1985510673011,-600.847634698142,118.65966293726804,80.63237762451172,-1.5928232669830322,0.7906820178031921,0.6708327792584896,8.421477486491204,4.144346240758896,-0.08880705816355017,-0.16495671109311102,-0.1607028273117341
4.664064268036191,-1.2250372157689018,0.1560766573682674,4.693503513777744,-1.1954810108881506,0.5297184149958822,4.748817947253069,-1.2771681328404068,0.13885580045660173,4.748817947253069,-1.2771681328404068,0.13885580045660173,4651.202860844459,-1211.3659438485947,153.23118310870265,4692.897570604787,-1195.629873354901,521.6989979382003,4755.293098098153,-1281.6704557012233,143.17112030477617,4755.293098098153,-1281.6704557012233,143.17112030477617,121.09817391080202,-63.18968255874946,12.129404802914024,170.78330366413797,10.53116094207275,170.55418047334595,839.7669241308123,-596.5566336684079,48.015512264446365,839.7669241308123,-596.5566336684079,48.015512264446365,80.580810546875,-0.521391749382019,-0.08021412044763565,0.607270804233849,9.849226630926132,4.3150331899523735,0.06501695732790364,-0.12645383558586173,-0.16992150907060094
4.700987307898417,-1.2525080940692195,0.15024589867343446,4.7260763591567025,-1.2250610987404453,0.5216230394276903,4.7962872446174645,-1.3066270928737251,0.1337610567144141,4.7962872446174645,-1.3066270928737251,0.1337610567144141,4690.632034519728,-1242.6796741096716,151.68438952888212,4721.540481006348,-1215.7913920200963,527.4058416689732,4809.341236332979,-1316.691923450373,137.742993089814,4809.341236332979,-1316.691923450373,137.742993089814,444.67317071097,-353.95277394013937,-7.398116126756733,296.9621462842066,-198.89151076994992,86.85207822285945,526.7044224778019,-325.47350541904547,-70.97204798847443,526.7044224778019,-325.47350541904547,-70.97204798847443,81.45170593261719,-0.36096352338790894,-1.6902259588241577,0.7487061434984208,9.357085200548173,3.4141056042909623,0.11838310107291328,-0.12290725408843094,0.10286646788473924
4.73152439708378,-1.2775946224985177,0.15104935298837371,4.752200634505052,-1.2538746576818331,0.5014117913342642,4.82356255420619,-1.3341698663860002,0.12633107340434277,4.82356255420619,-1.3341698663860002,0.12633107340434277,4733.694530363807,-1278.5575861832424,150.97488590509468,4752.482891651511,-1249.1857041848414,511.39213449071053,4834.288787172196,-1337.802462700296,127.22844660471775,4834.288787172196,-1337.802462700296,127.22844660471775,474.916287317307,-393.6085979749529,-10.711492252241987,333.3300742793496,-371.7312755182269,-185.82295424562207,206.9474808149933,-171.03073106607815,-121.90117528862521,206.9474808149933,-171.03073106607815,-121.90117528862521,81.80121612548828,-0.8078707456588745,-2.1428627967834473,0.41851084236055613,8.683446781039239,3.484513682126999,0.08856321248039935,-0.1863526467943732,0.05950298225349373
4.81033398740887,-1.2968722250950795,0.1443297385390633,4.795093685690917,-1.2619656688302194,0.4789638752839832,4.8908806518196135,-1.359462045634139,0.13125305275320792,4.8908806518196135,-1.359462045634139,0.13125305275320792,4802.15725850702,-1303.3820278239066,145.9929387734297,4792.625518413463,-1269.805002745995,482.1550286979369,4879.193925556261,-1357.4328796896348,126.21056615994364,4879.193925556261,-1357.4328796896348,126.21056615994364,700.9900909039894,-249.81105470230696,-50.1157070995386,410.9628918319934,-224.22243688243293,-334.88533840196055,412.3597425530951,-173.04614709762407,-14.804626710995027,412.3597425530951,-173.04614709762407,-14.804626710995027,82.0132064819336,-1.5928232669830322,-2.263184070587158,0.1331957718729973,9.13481616139412,2.514481362998486,-0.05314880067544222,0.04961779450893349,0.09000822701847025
4.8848232982064355,-1.3365901235583255,0.14103821105111647,4.8410180953393205,-1.2953785117978411,0.4843394635074294,4.947708147000784,-1.3869314568070275,0.1268361092497564,4.947708147000784,-1.3869314568070275,0.1268361092497564,4882.251804920062,-1333.8591665147594,140.8754464176549,4839.312854652658,-1294.1322764787321,473.139339036066,4940.169078800723,-1383.0891077370234,126.49194776739931,4940.169078800723,-1383.0891077370234,126.49194776739931,851.0908649406566,-289.6872592785935,-57.93766554323316,486.2196715337561,-223.73393887839725,-104.77883973792117,648.9983864994362,-254.7441205236438,18.41414479378364,648.9983864994362,-254.7441205236438,18.41414479378364,83.21641540527344,-2.0741078853607178,-1.546986699104309,-0.015994473695755004,10.14231246829033,2.786905771493912,0.03070478626743608,0.16050398905023786,0.03161031303748144
4.936519215172349,-1.3644901766447117,0.13601099087310542,4.878951002684574,-1.3365793097654146,0.4734090923575944,4.975644325922955,-1.3950999168730964,0.12104989188364587,4.975644325922955,-1.3950999168730964,0.12104989188364587,4946.4106484902395,-1364.1851393226696,135.69236309731335,4881.998581667747,-1330.7727215576228,470.80815230353284,4985.000959798548,-1399.1691074615537,123.29099453268748,4985.000959798548,-1399.1691074615537,123.29099453268748,660.3391371196755,-314.27017030351817,-52.43341356181163,438.76850355068217,-378.47912069965685,11.584938338502049,468.78809056297246,-164.6946193208079,-31.593985246154983,468.78809056297246,-164.6946193208079,-31.593985246154983,82.87264251708984,-2.4121532440185547,0.6474425196647644,-0.17812811583280563,9.1580886644125,2.840987546145916,0.0019290962028374523,0.3840913057400195,0.11556120730762323
