-10.475042,-12.105637,-11.051896,-8.545584,-4.971272,-0.14274135,5.6415577,11.969779
693.1825,693.69025,694.15576,694.47626,694.5888,694.5295,694.3924,694.19806
-9.69214,-10.559986,-11.536769,-12.529552,-13.523378,-14.426685,-15.275431,-16.000582
694.9509,695.0264,695.1031,695.16095,695.17694,695.13824,695.0346,694.85583
-11.220319,-12.976144,-11.960063,-9.462474,-5.9266553,-1.1418786,4.612601,10.925028
693.1829,693.7044,694.1872,694.5207,694.64685,694.5945,694.4605,694.2691
-10.559986,-11.536769,-12.5295515,-13.523377,-14.426685,-15.275431,-16.000582,-16.626812
695.02637,695.103,695.1609,695.1769,695.1382,695.03455,694.8558,694.589
-12.058491,-13.939442,-12.961333,-10.46922,-6.9697022,-2.22873,3.4952297,9.791387
693.1935,693.7283,694.2293,694.5759,694.71625,694.67126,694.5405,694.3519
-11.536768,-12.529552,-13.523378,-14.426684,-15.275431,-16.000582,-16.626812,-17.141262
695.1031,695.1609,695.1769,695.1382,695.0346,694.8558,694.58905,694.2302
-13.00084,-15.007829,-14.069603,-11.580619,-8.115683,-3.4190001,2.2734184,8.55264
693.20056,693.7476,694.26794,694.6279,694.7829,694.74585,694.6184,694.43256
-12.529552,-13.523377,-14.426685,-15.275431,-16.000582,-16.626812,-17.141262,-17.463728
695.16095,695.1769,695.13824,695.0346,694.85583,694.58905,694.2302,693.7912
-13.959218,-16.077852,-15.175956,-12.687596,-9.250039,-4.590831,1.0744164,7.3391547
693.1909,693.7497,694.2874,694.6591,694.8273,694.79755,694.67316,694.48956
-13.523378,-14.426685,-15.275431,-16.000582,-16.626812,-17.141264,-17.46373,-17.66523
695.1769,695.1382,695.03455,694.8558,694.58905,694.23016,693.7912,693.3038
-14.917124,-17.132154,-16.263535,-13.7752495,-10.358716,-5.7298336,-0.08680168,6.166318
693.1428,693.7132,694.2661,694.64777,694.827,694.80383,694.6822,694.5005
-14.426685,-15.27543,-16.00058,-16.626812,-17.141262,-17.463728,-17.66523,-17.812542
695.1382,695.0346,694.8558,694.58905,694.23016,693.7912,693.3038,692.81934
-15.791331,-18.075504,-17.230795,-14.741555,-11.336449,-6.7256665,-1.0958902,5.1508913
693.04736,693.6308,694.1944,694.58307,694.77026,694.7518,694.6322,694.4517
-15.275431,-16.000582,-16.626814,-17.141262,-17.463728,-17.665232,-17.812544,-17.896723
695.03455,694.8558,694.589,694.23016,693.79114,693.3038,692.81934,692.3822
-16.617613,-18.949583,-18.12179,-15.631178,-12.231267,-7.630296,-2.007596,4.23649
692.89185,693.4891,694.06055,694.45435,694.6471,694.63214,694.51416,694.3345
-16.000582,-16.626812,-17.141262,-17.46373,-17.66523,-17.812542,-17.896723,-17.950531
694.85583,694.58905,694.2302,693.7912,693.30383,692.8194,692.38226,692.0094
-17.3341,-19.683989,-18.861809,-16.36892,-12.965752,-8.362913,-2.7384248,3.5082157
692.6699,693.28186,693.8569,694.25323,694.44836,694.43506,694.3179,694.1384
-16.626812,-17.141264,-17.463728,-17.665232,-17.812544,-17.896725,-17.950533,-17.97054
694.58905,694.23016,693.7912,693.3038,692.81934,692.3822,692.0094,691.7059
-17.966309,-20.30861,-19.483412,-16.98791,-13.575252,-8.961585,-3.3284416,2.9248028
692.3691,692.9954,693.5707,693.9677,694.1626,694.1495,694.0326,693.85297
-17.141262,-17.463728,-17.66523,-17.812542,-17.896723,-17.950531,-17.97054,-17.956324
694.2302,693.7912,693.3038,692.81934,692.38226,692.0094,691.70593,691.47955
-18.498697,-20.808708,-19.973957,-17.47687,-14.049465,-9.4167385,-3.7685435,2.4950378
691.9881,692.62695,693.1992,693.5947,693.78674,693.77234,693.65515,693.475
-17.463728,-17.66523,-17.812544,-17.896723,-17.950531,-17.97054,-17.956324,-17.97707
693.79114,693.3038,692.81934,692.3822,692.00934,691.7059,691.47955,691.341
-18.858795,-21.100868,-20.245905,-17.747301,-14.296538,-9.63249,-3.9599385,2.3193815
691.5444,692.1937,692.75806,693.1488,693.3342,693.31635,693.198,693.01666
-17.66523,-17.812542,-17.896723,-17.950531,-17.97054,-17.956324,-17.977072,-18.017603
693.30383,692.8194,692.38226,692.0094,691.70593,691.47955,691.341,691.29944
-19.11824,-21.2674,-20.386612,-17.886147,-14.407459,-9.706201,-4.005111,2.2920332
691.0678,691.7237,692.27783,692.66205,692.8387,692.8162,692.6962,692.51355
-17.812542,-17.896723,-17.950531,-17.97054,-17.956324,-17.977072,-18.017601,-18.07683
692.81934,692.3822,692.00934,691.7059,691.47955,691.341,691.2994,691.3442
-19.338179,-21.384474,-20.47702,-17.973969,-14.467597,-9.730331,-4.002116,2.3114967
690.6057,691.26276,691.8069,692.18427,692.352,692.3248,692.20325,692.01917
-17.896725,-17.950533,-17.970541,-17.956324,-17.977072,-18.017603,-18.076832,-18.163118
692.3822,692.0094,691.7059,691.47955,691.341,691.29944,691.3442,691.4426
-19.50696,-21.444996,-20.509005,-18.00121,-14.467659,-9.696591,-3.943513,2.3846898
690.2003,690.8533,691.38763,691.75806,691.9172,691.8855,691.7622,691.5768
-17.950531,-17.97054,-17.956324,-17.977072,-18.017603,-18.07683,-18.163116,-18.20791
692.00934,691.7059,691.47955,691.341,691.2994,691.3442,691.44257,691.5574
-19.64463,-21.484049,-20.522028,-18.00886,-14.452234,-9.653449,-3.8804238,2.4590497
689.86365,690.50854,691.0345,691.39874,691.5504,691.5149,691.3902,691.2036
-17.97054,-17.956324,-17.97707,-18.017603,-18.07683,-18.163116,-18.20791,-18.1803
691.70593,691.47955,691.341,691.29944,691.3442,691.4426,691.55743,691.65924
-19.737713,-21.494759,-20.51161,-17.994257,-14.419559,-9.599165,-3.8108306,2.5369449
689.5991,690.2337,690.752,691.1107,691.25616,691.21735,691.0915,690.90405
-17.956324,-17.977072,-18.017603,-18.076832,-18.163118,-18.20791,-18.180302,-16.098886
691.47955,691.341,691.2994,691.3442,691.44257,691.55743,691.6592,691.73334
-19.781645,-21.475508,-20.476482,-17.956701,-14.369079,-9.532957,-3.7335987,2.619796
689.4124,690.03625,690.54785,690.9017,691.042,691.0005,690.8736,690.6856
-17.977072,-18.017601,-18.07683,-18.163116,-18.207909,-18.1803,-16.098885,-9.846346
691.341,691.29944,691.3442,691.4426,691.55743,691.65924,691.73334,691.7762
-19.839764,-21.499838,-20.49316,-17.973766,-14.382377,-9.540787,-3.7377512,2.6169078
689.30774,689.92163,690.4289,690.7798,690.91724,690.87415,690.7467,690.55865
-18.017603,-18.07683,-18.163116,-18.207909,-18.1803,-16.098886,-9.846346,1.5933602
691.29944,691.3442,691.4426,691.55743,691.65924,691.73334,691.7762,691.77
-19.898504,-21.547813,-20.538277,-18.020456,-14.431786,-9.592332,-3.791084,2.5616634
689.2931,689.8984,690.40295,690.7523,690.88873,690.845,690.7173,690.5293
-18.076832,-18.163118,-18.20791,-18.180302,-16.098886,-9.846347,1.5933597,7.6357546
691.3442,691.4426,691.55743,691.65924,691.7334,691.7762,691.7701,691.7022
-19.960499,-21.615356,-20.60488,-18.08818,-14.505987,-9.673655,-3.8778672,2.4709044
689.3568,689.95483,690.45807,690.807,690.9437,690.89996,690.7722,690.5845
-18.163116,-18.207909,-18.1803,-16.098885,-9.846345,1.5933608,7.6357555,15.035965
691.4426,691.55743,691.65924,691.73334,691.7762,691.77,691.7022,691.5907
-20.033644,-21.706184,-20.697002,-18.181446,-14.6078615,-9.785457,-3.9971676,2.3465724
689.46716,690.05927,690.5619,690.9111,691.049,691.0056,690.8779,690.6903
-18.207909,-18.1803,-16.098885,-9.846345,1.5933608,7.635755,15.035965,25.773523
691.55743,691.65924,691.7334,691.7762,691.7701,691.7022,691.5907,691.44
-20.053204,-21.740211,-20.731348,-18.216774,-14.648018,-9.831007,-4.046891,2.2939181
689.5936,690.1808,690.68115,691.0294,691.1673,691.1237,690.9958,690.80804
-18.180302,-16.098886,-9.846347,1.5933594,7.6357546,15.035963,25.773523,38.487988
691.65924,691.73334,691.7762,691.7701,691.7022,691.5907,691.44,691.26166
-19.901226,-21.60328,-20.610662,-18.109434,-14.549261,-9.73807,-3.9578454,2.3809154
689.7083,690.2821,690.77423,691.1176,691.25275,691.20764,691.07837,690.8893
-16.098885,-9.846345,1.5933609,7.6357555,15.035965,25.773525,38.48799,48.862568
691.7334,691.7762,691.7701,691.7022,691.5907,691.44,691.26166,691.04034
-17.578314,-18.913279,-17.850014,-15.337986,-11.650661,-6.6941857,-0.81360465,5.5830507
689.9446,690.45874,690.8765,691.1644,691.24884,691.1786,691.03613,690.8328
-9.846346,1.5933597,7.635754,15.035964,25.773523,38.487988,48.862564,60.015
691.7762,691.77,691.7022,691.5907,691.43994,691.26166,691.04034,690.76776
-10.284356,-10.272265,-8.894988,-6.0140696,-1.6887401,3.8034968,10.010944,16.58881
690.46075,690.71265,690.9311,691.0147,690.94727,690.8032,690.6058,690.33356
1.59336,7.6357546,15.035964,25.773523,38.48799,48.862564,60.015003,73.867516
691.7701,691.7022,691.5907,691.43994,691.26166,691.04034,690.76776,690.45807
7.288089,12.150843,17.445312,23.39613,29.834969,36.61361,43.66996,51.03339
690.4137,690.07007,689.77277,689.466,689.1072,688.6547,688.0837,687.3838
7.635755,15.035965,25.773523,38.48799,48.862564,60.015,73.86752,92.444405
691.7023,691.59076,691.44,691.2617,691.0404,690.7678,690.4581,690.1292
15.427184,25.579111,34.069885,41.96878,49.70063,57.494095,65.5572,74.14472
690.2594,689.6574,689.3077,688.9015,688.3719,687.70245,686.8966,685.96466
15.035965,25.773523,38.487988,48.862568,60.015,73.867516,92.4444,109.98448
691.5907,691.43994,691.26166,691.04034,690.76776,690.45807,690.12915,689.8181
24.466166,37.736786,48.087433,57.245888,65.96981,74.68371,83.75107,93.58165
690.21606,689.5973,689.2573,688.8062,688.1958,687.43414,686.543,685.5449
25.773523,38.48799,48.862564,60.015,73.86752,92.4444,109.98448,123.84847
691.43994,691.26166,691.04034,690.76776,690.45807,690.12915,689.8181,689.5942
38.274784,53.9955,65.93585,76.326096,86.16379,96.0361,106.46214,118.02872
690.2455,689.73047,689.40424,688.91815,688.2582,687.45795,686.55646,685.58826
38.487988,48.862564,60.015,73.867516,92.444405,109.98448,123.84847,139.88718
691.26166,691.04034,690.76776,690.45807,690.12915,689.81805,689.5942,689.5527
53.905807,71.52207,84.88174,96.51114,107.56491,118.76624,130.7849,144.38481
690.309,690.0307,689.77313,689.3083,688.6687,687.91656,687.1092,686.2945
48.862564,60.015,73.867516,92.4444,109.984474,123.848465,139.88716,167.2247
691.04034,690.76776,690.45807,690.12915,689.8181,689.5942,689.5527,689.81824
64.819405,83.00514,96.77246,108.75611,120.15867,131.73898,144.20486,158.36284
690.18,690.0194,689.8127,689.3774,688.7652,688.04956,687.2948,686.5535
60.015,73.867516,92.4444,109.984474,123.84847,139.88716,167.22472,183.64357
690.76776,690.45807,690.12915,689.81805,689.5942,689.5527,689.81824,690.52637
76.91687,95.71266,109.91607,122.30191,134.12894,146.19972,159.27124,174.20515
690.0205,689.95044,689.77875,689.3651,688.7781,688.10187,687.40735,686.7516
73.867516,92.4444,109.984474,123.84847,139.88716,167.22472,183.64355,191.88199
690.45807,690.12915,689.81805,689.5942,689.5527,689.81824,690.52637,691.7932
93.81826,114.1943,129.66315,143.32169,156.57722,170.37352,185.63101,203.37784
689.8839,689.9813,689.85736,689.47687,688.9485,688.3816,687.86163,687.4517
92.444405,109.98448,123.84847,139.88718,167.22472,183.64357,191.88199,217.84222
690.12915,689.81805,689.5942,689.5527,689.81824,690.52637,691.7932,693.6772
116.52765,139.28925,156.96751,172.9869,188.94495,205.99533,225.27214,247.91844
689.8915,690.4324,690.4983,690.2758,689.9564,689.69714,689.6015,689.72296
109.984474,123.848465,139.88716,167.2247,183.64355,191.88199,217.84222,257.14
689.8181,689.5942,689.5527,689.81824,690.5264,691.7933,693.6772,696.2301
135.15865,158.8348,177.44235,194.47281,211.56969,229.9371,250.74306,275.10162
689.83594,690.73047,690.99097,690.9276,690.7786,690.72943,690.8938,691.31836
123.84847,139.88718,167.22472,183.64357,191.88199,217.84222,257.14,298.08685
689.59424,689.5527,689.8183,690.5264,691.7933,693.6772,696.23016,699.42847
148.23268,171.64717,189.9259,206.56177,223.17729,240.93918,260.98337,284.42877
689.75446,690.70337,691.0191,690.99866,690.8767,690.8407,691.0117,691.44666
139.88718,167.22472,183.64355,191.88199,217.84224,257.14,298.08685,321.02692
689.55273,689.8183,690.5264,691.7933,693.67725,696.23016,699.4285,703.21936
166.70831,191.38354,210.69176,228.48798,246.52449,266.05356,288.25482,314.18134
689.89667,690.9295,691.2863,691.3213,691.29443,691.40466,691.76624,692.4136
167.22472,183.64357,191.88199,217.84224,257.14,298.08685,321.02692,361.17792
689.81824,690.5264,691.7933,693.6772,696.2301,699.42847,703.21936,707.5306
197.24178,223.96574,245.64902,266.212,287.43774,310.60095,336.80615,366.79907
690.7064,692.5342,693.36707,693.82684,694.25806,694.90704,695.891,697.2068
183.64357,191.88199,217.84224,257.14,298.08685,321.02692,361.1779,376.47623
690.52637,691.7932,693.6772,696.2301,699.42847,703.2193,707.5306,712.2035
210.77231,236.15613,256.55457,275.6257,295.06384,316.0869,339.81613,367.19443
691.71356,693.6954,694.6889,695.281,695.7953,696.48413,697.50195,698.89844
191.88197,217.84222,257.14,298.08685,321.0269,361.1779,376.47623,399.0753
691.7933,693.6772,696.23016,699.42847,703.21936,707.53064,712.20355,716.83435
217.2174,241.49251,260.35303,277.6114,294.96097,313.5666,334.53134,358.91156
693.01483,694.54236,695.2798,695.65106,695.9277,696.332,697.01404,698.04584
217.84224,257.14,298.08685,321.0269,361.1779,376.47623,399.07532,431.9913
693.6772,696.23016,699.42847,703.21936,707.5306,712.20355,716.83435,720.95874
251.05704,279.64374,302.74664,324.92422,348.0932,373.4991,402.0958,434.28488
695.30145,697.3729,698.4176,699.11456,699.82263,700.79285,702.12946,703.7921
257.14,298.08685,321.0269,361.1779,376.4762,399.07532,431.99127,456.52203
696.23016,699.42847,703.21936,707.5306,712.20355,716.83435,720.95874,723.9916
298.25946,332.0191,360.6209,388.93243,418.64368,450.60416,485.05188,521.25616
697.7112,700.6174,702.05804,703.06256,704.08514,705.3938,707.00055,708.68884
298.08685,321.02692,361.17792,376.47623,399.07532,431.9913,456.52203,488.4495
699.42847,703.21936,707.53064,712.20355,716.83435,720.9588,723.99164,725.5743
338.515,372.5126,401.69635,430.66174,460.96994,493.40143,528.14526,564.4332
700.6082,703.8962,705.5296,706.6604,707.7666,709.1419,710.81,712.54584
321.02692,361.17792,376.47623,399.07532,431.9913,456.52203,488.4495,521.2298
703.21936,707.5306,712.20355,716.83435,720.95874,723.9916,725.5743,725.4526
362.22324,397.00012,426.40894,455.46152,485.86148,518.4299,553.34924,589.8222
704.27747,707.23425,708.611,709.51196,710.4243,711.6213,713.097,714.6214
361.1779,376.4762,399.0753,431.99127,456.522,488.44946,521.22974,585.77673
707.5306,712.20355,716.83435,720.95874,723.9916,725.5743,725.4526,723.8405
399.16907,432.3135,460.53333,488.39505,517.56146,548.9429,582.9121,618.9174
708.445,711.5304,712.9933,713.9645,714.92084,716.1528,717.6996,719.37427
376.4762,399.0753,431.99127,456.522,488.44946,521.22974,585.77673,598.5869
712.2035,716.83435,720.95874,723.9916,725.5743,725.4526,723.84045,720.7045
410.90308,442.2194,468.08585,493.20892,519.5061,548.1462,579.8584,614.57965
712.823,715.22833,716.2622,716.865,717.47955,718.3702,719.5931,721.0338
399.07532,431.9913,456.52203,488.4495,521.22974,585.77673,598.5869,626.2073
716.83435,720.9588,723.99164,725.5743,725.4526,723.8405,720.7046,716.38745
433.9891,465.49228,491.24146,516.17365,542.3306,570.96704,602.8393,637.8612
716.78644,718.5298,719.0661,719.24963,719.5033,720.0394,720.8693,721.8798
431.9913,456.52203,488.4495,521.2298,585.77673,598.5869,626.2073,640.74286
720.9588,723.9916,725.5743,725.4526,723.8405,720.7046,716.3874,711.2254
468.1372,500.4042,527.16223,553.25,580.6893,610.7109,643.9295,679.99805
719.95074,721.37604,721.5882,721.49554,721.5226,721.83325,722.39545,723.0962
456.52203,488.4495,521.22974,585.77673,598.5869,626.2073,640.74286,669.83954
723.9916,725.5743,725.4525,723.84045,720.7045,716.3874,711.22534,705.64905
493.54843,526.4402,553.5857,580.09644,608.1722,639.06647,673.2115,709.9699
721.54895,722.19934,721.87836,721.37756,721.04694,720.97156,721.10315,721.3842
488.4495,521.2298,585.77673,598.5869,626.2073,640.74286,669.83954,709.2891
725.5743,725.4526,723.8405,720.7045,716.3874,711.22534,705.6491,700.1922
527.0837,560.9505,589.1092,616.8075,646.3004,678.70966,714.12396,751.5299
721.7466,721.8509,721.1616,720.40295,719.85016,719.5335,719.41516,719.49805
521.2298,585.77673,598.5869,626.2073,640.74286,669.83954,709.2891,739.90497
725.4526,723.8405,720.7046,716.3874,711.22534,705.6491,700.1922,695.2461
568.8485,607.787,640.3918,672.75555,706.93933,743.304,781.042,818.5808
719.8635,719.21063,718.07794,717.13464,716.49384,716.1139,716.01587,716.26953
585.7767,598.5869,626.2072,640.74286,669.83954,709.28906,739.90497,759.88214
723.8405,720.7046,716.3874,711.2254,705.6491,700.1922,695.2461,691.17773
629.5619,666.4313,698.3785,730.27295,763.9272,799.8534,837.45953,875.29724
718.11487,718.095,717.12964,716.2314,715.61896,715.2609,715.1518,715.3501
598.5869,626.2073,640.74286,669.83954,709.2891,739.90497,759.8822,783.4781
720.7046,716.3874,711.2254,705.6491,700.1922,695.2461,691.17773,688.2405
636.61053,670.79144,699.31903,727.58765,758.0032,791.48535,827.63556,865.05096
713.8386,713.0128,711.8495,710.70184,709.73346,708.9767,708.4716,708.32806
626.2073,640.74286,669.83954,709.28906,739.90497,759.8822,783.478,827.5255
716.38745,711.2254,705.6491,700.19226,695.2461,691.17773,688.2405,686.6394
657.1626,687.38306,712.1208,736.2172,762.1791,791.4933,824.5808,860.57477
709.57434,708.62524,707.5313,706.3261,705.1689,704.149,703.32306,702.7789
640.74286,669.83954,709.2891,739.90497,759.8822,783.4781,827.5256,861.65515
711.22534,705.6491,700.1922,695.24603,691.1777,688.2404,686.6394,686.3609
666.32513,694.0004,715.78076,736.52563,758.7439,784.11816,813.66876,847.25476
704.0593,702.77423,701.70074,700.4441,699.11127,697.81494,696.655,695.73145
669.83954,709.28906,739.90497,759.8822,783.4781,827.5255,861.65515,878.9803
705.64905,700.1922,695.24603,691.1777,688.2404,686.6394,686.3609,687.3364
700.1583,729.3694,752.6301,775.154,799.5435,827.38385,859.2856,894.5402
698.71844,697.3516,696.189,694.9299,693.6738,692.5169,691.53845,690.8363
709.28906,739.90497,759.88214,783.478,827.5255,861.65515,878.9803,902.86884
700.1922,695.2461,691.17773,688.2405,686.6394,686.36096,687.3365,689.43304
745.2629,776.81934,802.86346,828.5081,856.21246,887.2503,921.72174,958.53357
694.17346,693.3339,692.28284,691.2013,690.23834,689.4472,688.8579,688.55176
739.9049,759.88214,783.478,827.5255,861.65515,878.9803,902.86884,929.6094
695.2461,691.1777,688.2405,686.6394,686.3609,687.3364,689.43304,692.4811
773.55084,803.8832,828.8362,853.1436,879.1796,908.3945,941.3186,977.31506
690.16064,689.80676,689.00507,688.0771,687.23254,686.54877,686.041,685.7468
759.8822,783.4781,827.5255,861.65515,878.9803,902.8689,929.60944,966.0123
691.17773,688.2405,686.6394,686.36096,687.3365,689.43304,692.48114,696.2547
788.81885,816.67175,838.8798,859.9624,882.2152,907.243,936.14966,969.15784
686.8524,686.6267,686.0056,685.1667,684.3184,683.5765,682.9842,682.5594
783.4781,827.5256,861.6552,878.9803,902.8689,929.60944,966.0123,995.15234
688.2404,686.6394,686.3609,687.3364,689.433,692.4811,696.2547,700.4615
814.8847,843.56976,866.18207,887.69507,910.48456,936.1333,965.6653,999.19965
684.7199,684.56055,683.996,683.24994,682.53595,681.9614,681.5528,681.3104
827.5256,861.6552,878.9803,902.8689,929.60944,966.0123,995.15234,1017.38934
686.6394,686.36096,687.3365,689.43304,692.4811,696.2547,700.4615,704.7963
865.24677,897.0653,923.42773,949.17773,976.4408,1006.4979,1039.9058,1076.1982
684.69586,685.63904,685.5712,685.28253,685.133,685.23395,685.5469,685.9944
861.65515,878.9803,902.86884,929.60944,966.0123,995.1523,1017.3893,1038.928
686.3609,687.3364,689.43304,692.4811,696.2547,700.4615,704.7963,708.9191
896.84937,927.5396,953.0721,977.88,1003.9191,1032.4666,1064.3029,1099.3545
685.5446,687.29236,687.77905,687.899,688.08185,688.52985,689.24927,690.1376
878.9803,902.8689,929.60944,966.0123,995.1523,1017.38934,1038.928,1073.2828
687.3364,689.433,692.4811,696.2547,700.4615,704.79626,708.9191,712.5089
909.76196,938.1296,960.94543,982.59863,1005.0732,1029.7213,1057.6177,1089.3164
687.2768,689.0186,689.6604,689.91016,690.1492,690.6132,691.3832,692.41943
902.8689,929.60944,966.0123,995.15234,1017.38934,1038.928,1073.2828,1095.8689
689.433,692.4811,696.2547,700.4615,704.79626,708.9191,712.5089,715.2349
932.6328,960.2746,982.3112,1003.1041,1024.5875,1048.0664,1074.63,1104.9752
690.22974,692.1892,693.07227,693.5594,694.0136,694.68646,695.6957,697.03424
929.60944,966.0123,995.15234,1017.38934,1038.928,1073.2828,1095.8689,1115.3524
692.48114,696.2547,700.46155,704.7963,708.9192,712.509,715.235,716.8389
962.84515,992.3347,1016.15857,1039.0411,1062.9622,1089.1632,1118.5443,1151.3884
693.8706,696.181,697.3269,698.0847,698.842,699.86017,701.2415,702.93225
966.0123,995.15234,1017.38934,1038.928,1073.2828,1095.8689,1115.3524,1156.0765
696.2547,700.4615,704.79626,708.9191,712.5089,715.2349,716.83887,717.14355
1002.21136,1033.7158,1059.9054,1085.5251,1112.4304,1141.6765,1173.8394,1208.6627
697.92444,700.8885,702.46814,703.61127,704.7388,706.13446,707.8899,709.8859
995.15234,1017.38934,1038.928,1073.2828,1095.8689,1115.3524,1156.0765,1171.4047
700.4615,704.7963,708.9191,712.5089,715.2349,716.8389,717.14355,716.0655
1030.0024,1061.1246,1086.962,1112.1665,1138.5988,1167.3406,1199.0299,1233.5168
702.02454,705.0436,706.66376,707.8293,708.96106,710.3505,712.106,714.12994
1017.38934,1038.9281,1073.2828,1095.8689,1115.3524,1156.0767,1171.4047,1204.0299
704.79626,708.9191,712.5089,715.2349,716.83887,717.14355,716.0655,713.59814
1049.448,1079.179,1103.4218,1126.7483,1151.0933,1177.6647,1207.3319,1240.3475
706.0434,708.65436,709.98944,710.8811,711.7348,712.8345,714.3006,716.0847
1038.928,1073.2828,1095.8689,1115.3524,1156.0765,1171.4047,1204.0299,1223.6918
708.9192,712.509,715.235,716.8389,717.14355,716.06555,713.5982,709.8208
1071.5024,1101.4772,1125.6011,1148.7057,1172.8365,1199.2808,1228.9624,1262.1595
709.48755,711.4591,712.29004,712.7222,713.1568,713.8459,714.86475,716.1445
1073.2828,1095.8689,1115.3524,1156.0765,1171.4045,1204.0299,1223.6918,1255.4994
712.5089,715.2349,716.83887,717.1435,716.0655,713.59814,709.8208,704.86127
1106.9392,1137.6459,1162.8185,1187.13,1212.579,1240.4396,1271.5504,1305.9775
712.3456,714.1857,714.81604,715.0542,715.3254,715.8621,716.69904,717.7393
1095.8689,1115.3524,1156.0765,1171.4045,1204.0299,1223.6918,1255.4994,1283.5793
715.2349,716.83887,717.1435,716.0655,713.59814,709.8208,704.86127,698.9063
1127.021,1156.4817,1180.283,1202.9916,1226.7112,1252.8658,1282.4752,1315.8423
713.9288,715.08826,715.2486,715.0664,714.91614,714.99005,715.31744,715.8389
1115.3524,1156.0765,1171.4045,1204.0299,1223.6918,1255.4994,1283.5793,1306.6464
716.83887,717.1435,716.0655,713.59814,709.8208,704.86127,698.9063,692.20294
1147.6636,1177.7266,1201.5958,1224.3983,1248.5114,1275.4618,1306.161,1340.5828
714.00806,714.21344,713.78796,713.15045,712.5828,712.2042,712.0203,712.00543
1156.0765,1171.4045,1204.0299,1223.6918,1255.4994,1283.5793,1306.6464,1335.3417
717.14355,716.06555,713.5982,709.8208,704.8613,698.9064,692.20294,684.9866
1189.2477,1219.805,1244.8862,1269.1564,1294.8668,1323.4688,1355.6918,1391.2312
713.7352,714.0492,713.5854,712.91797,712.34875,711.9811,711.8049,711.7988
1171.4045,1204.0299,1223.6918,1255.4994,1283.5793,1306.6464,1335.3417,1355.6549
716.0655,713.59814,709.8208,704.8613,698.9064,692.20294,684.9865,677.544
1202.0573,1231.565,1255.0416,1277.5345,1301.5349,1328.6409,1359.6892,1394.4022
711.08844,710.5584,709.7325,708.74274,707.78595,706.95984,706.29865,705.8382
1204.0299,1223.6917,1255.4994,1283.5793,1306.6464,1335.3416,1355.6549,1390.6543
713.59814,709.8208,704.86127,698.9063,692.20294,684.9865,677.544,670.14905
1233.9174,1262.9381,1286.3065,1308.7552,1332.7125,1359.7789,1390.799,1425.4814
708.1811,707.56744,706.6934,705.65625,704.6393,703.7411,703.0044,702.4752
1223.6918,1255.4994,1283.5793,1306.6464,1335.3417,1355.655,1390.6544,1418.8737
709.8208,704.8613,698.9063,692.20294,684.9865,677.544,670.14905,663.06714
1251.896,1280.3103,1302.769,1324.2444,1347.2645,1373.4862,1403.8215,1438.0018
703.414,702.35925,701.3478,700.17,698.9612,697.8275,696.8446,696.09015
1255.4995,1283.5793,1306.6464,1335.3417,1355.655,1390.6544,1418.8737,1430.9324
704.8613,698.9063,692.20294,684.9865,677.544,670.14905,663.06714,656.5728
1285.6658,1314.8756,1338.3434,1361.0347,1385.4893,1413.2937,1445.1083,1480.317
698.23004,697.1387,696.0748,694.8801,693.6905,692.60516,691.6928,691.03784
1283.5795,1306.6465,1335.3417,1355.655,1390.6544,1418.8738,1430.9324,1452.9791
698.9064,692.20294,684.9866,677.544,670.14905,663.06714,656.5729,650.8477
1313.0493,1341.9152,1365.1743,1387.6376,1411.8126,1439.3022,1470.8254,1505.8357
692.15393,691.08954,690.0497,688.85876,687.6567,686.5487,685.6085,684.9211
1306.6464,1335.3417,1355.6549,1390.6544,1418.8737,1430.9323,1452.9791,1478.1581
692.20294,684.9865,677.544,670.14905,663.06714,656.5728,650.8477,646.20874
1334.5975,1362.7998,1385.2494,1406.7858,1429.9219,1456.3087,1486.8262,1521.1328
685.28705,684.1402,683.11633,681.9133,680.6606,679.472,678.4349,677.6394
1335.3417,1355.6549,1390.6544,1418.8737,1430.9323,1452.979,1478.1581,1506.1708
684.9865,677.544,670.14905,663.06714,656.5728,650.8477,646.20874,642.8802
1362.3279,1389.7522,1411.6641,1432.5757,1454.8853,1480.2488,1509.7056,1543.2076
678.52185,677.55164,676.6232,675.4913,674.2929,673.1439,672.1276,671.3213
1355.655,1390.6544,1418.8737,1430.9324,1452.9791,1478.1581,1506.1708,1524.032
677.544,670.14905,663.06714,656.5728,650.8477,646.20874,642.8802,641.07135
1382.3376,1409.5764,1430.9596,1451.2583,1472.9174,1497.604,1526.4172,1559.4207
671.08246,670.01483,669.088,667.9526,666.73285,665.5449,664.47864,663.6158
1390.6544,1418.8738,1430.9324,1452.9791,1478.1581,1506.1708,1524.032,1544.9133
670.14905,663.06714,656.5728,650.8477,646.20874,642.8802,641.07135,640.8967
1421.3656,1450.0294,1473.1353,1495.3848,1519.1957,1546.1602,1577.1143,1611.7555
664.5769,663.88367,663.047,662.0399,661.0324,660.12866,659.3795,658.83685
1418.8737,1430.9324,1452.9791,1478.1581,1506.1708,1524.032,1544.9133,1565.086
663.06714,656.5728,650.8477,646.20874,642.8802,641.07135,640.8967,642.3897
1446.8551,1473.9427,1495.7778,1516.4872,1538.2698,1562.722,1591.0083,1623.4724
658.5095,658.308,657.7481,656.92957,656.0651,655.2846,654.6435,654.16547
1430.9323,1452.979,1478.1581,1506.1708,1524.032,1544.9133,1565.086,1601.035
656.5729,650.8477,646.20874,642.88025,641.07135,640.8967,642.3897,645.45056
1452.3851,1476.2782,1494.6754,1511.4237,1528.4668,1547.1982,1568.9313,1594.8112
652.46,652.21515,651.8012,651.061,650.1533,649.2093,648.3185,647.53815
1452.9791,1478.1581,1506.1708,1524.032,1544.9133,1565.0862,1601.0352,1614.4238
650.84766,646.2087,642.8802,641.0713,640.8967,642.3897,645.4505,649.9181
1474.1101,1497.1433,1514.7223,1530.5459,1546.4109,1563.5797,1583.2732,1606.6908
647.889,647.8727,647.61664,647.03235,646.2794,645.49207,644.7617,644.14435
1478.1581,1506.1708,1524.032,1544.9133,1565.0862,1601.035,1614.4238,1643.4666
646.20874,642.8802,641.07135,640.8967,642.3897,645.4505,649.9181,655.5518
1503.1019,1527.372,1546.1558,1563.3002,1580.6404,1599.4901,1621.0896,1646.5552
644.63086,645.1381,645.14813,644.8214,644.38324,644.0029,643.77783,643.744
1506.1708,1524.032,1544.9133,1565.086,1601.035,1614.4238,1643.4666,1686.1375
642.88025,641.07135,640.8968,642.3897,645.45056,649.9181,655.5518,662.1292
1533.2427,1558.4359,1578.4427,1596.9948,1615.8566,1636.2944,1659.4773,1686.4014
643.0213,644.5662,645.24365,645.51245,645.68713,646.00275,646.5922,647.4917
1524.032,1544.9133,1565.086,1601.035,1614.4238,1643.4666,1686.1375,1726.9752
641.0713,640.8967,642.3897,645.4505,649.9181,655.55176,662.12915,669.31464
1549.3442,1573.5507,1592.5355,1609.9614,1627.5089,1646.3286,1667.4932,1692.0247
642.5641,644.66235,645.84766,646.6066,647.2396,647.9958,649.05536,650.51733
1544.9133,1565.086,1601.035,1614.4238,1643.4666,1686.1375,1726.9752,1764.8943
640.8967,642.3897,645.45056,649.9181,655.5518,662.1292,669.31464,676.7686
1569.8723,1593.7632,1612.5785,1629.9862,1647.6887,1666.8506,1688.5295,1713.7084
644.007,646.9345,648.90765,650.51697,652.05927,653.78735,655.91583,658.606
1565.086,1601.035,1614.4238,1643.4666,1686.1375,1726.9752,1764.8943,1797.2319
642.3897,645.4505,649.9181,655.55176,662.1292,669.31464,676.76855,684.0286
1593.6497,1619.3837,1639.9193,1659.5526,1680.2711,1703.4199,1730.0778,1760.8348
646.97156,650.7988,653.701,656.422,659.29565,662.60486,666.6179,671.5963
1601.035,1614.4238,1643.4666,1686.1373,1726.9752,1764.8942,1797.2319,1844.799
645.4505,649.9181,655.5518,662.1292,669.31464,676.7686,684.0286,690.6948
1631.456,1658.791,1681.6749,1704.4642,1729.3682,1757.9342,1790.9176,1827.2997
651.25116,656.7682,661.4005,666.2589,671.7921,678.362,686.29584,695.7774
1614.4238,1643.4666,1686.1373,1726.9752,1764.8942,1797.2319,1844.799,1898.3923
649.9181,655.55176,662.12915,669.31464,676.76855,684.0286,690.6948,696.0758
1644.191,1671.3774,1693.7915,1716.1964,1741.0925,1770.2777,1804.5269,1842.2328
656.7841,662.7388,668.0549,673.893,680.742,688.85614,698.16223,708.35175
1643.4666,1686.1375,1726.9752,1764.8943,1797.2319,1844.799,1898.3923,1946.9305
655.5518,662.1292,669.31464,676.76855,684.0286,690.6948,696.0758,699.9829
1678.451,1708.8638,1734.4403,1760.5198,1789.6165,1823.0063,1859.9637,1897.2815
663.04755,669.839,676.0835,683.02203,690.98126,699.91705,709.5815,719.8906
1686.1375,1726.9752,1764.8942,1797.2319,1844.799,1898.3923,1946.9305,1980.9607
662.1292,669.3147,676.7686,684.0286,690.6949,696.07587,699.983,702.0285
1726.2693,1760.1415,1789.3307,1819.1381,1851.5588,1886.9578,1923.7437,1958.8782
668.9632,676.04535,682.2798,688.9374,696.29987,704.5794,713.9539,724.2858
1726.9752,1764.8943,1797.232,1844.7991,1898.3923,1946.9307,1980.9607,2017.0197
669.31464,676.7686,684.0286,690.6948,696.0758,699.9829,702.02844,702.13556
1769.0292,1804.4646,1835.1947,1866.3849,1899.7001,1935.2196,1971.4308,2005.6831
675.2464,682.044,687.7073,693.5211,699.84406,707.1151,715.72327,725.5651
1764.8943,1797.2319,1844.7991,1898.3923,1946.9305,1980.9607,2017.0197,2053.6152
676.76855,684.0286,690.6948,696.0758,699.9829,702.02844,702.13556,700.33075
1806.4491,1841.986,1872.7814,1903.883,1936.8643,1971.888,2007.7781,2042.2134
681.84625,688.1255,693.1003,698.0254,703.2789,709.32043,716.5738,725.1206
1797.232,1844.7991,1898.3923,1946.9307,1980.9607,2017.0197,2053.6155,2098.1707
684.02856,690.6948,696.0758,699.9829,702.02844,702.1355,700.33075,696.79626
1841.5121,1878.8237,1910.9082,1943.0104,1976.5511,2011.6234,2047.3242,2081.8628
688.21844,693.73303,697.72894,701.36975,705.03577,709.09314,713.6728,718.5074
1844.799,1898.3923,1946.9305,1980.9606,2017.0197,2053.6152,2098.1707,2157.6396
690.6948,696.0758,699.9829,702.02844,702.13556,700.3308,696.7963,691.81995
1893.8097,1933.8895,1968.5592,2002.9187,2038.1066,2074.26,2110.8325,2146.484
692.9233,697.3025,699.76404,701.56104,703.1952,704.9826,706.85046,708.4226
1898.3923,1946.9305,1980.9606,2017.0195,2053.6152,2098.1707,2157.6396,2217.3367
696.0758,699.9829,702.02844,702.13556,700.33075,696.7963,691.81995,685.8763
1949.4174,1990.7504,2026.7079,2062.1917,2098.3115,2135.3762,2172.953,2209.6392
696.1658,699.4385,700.62976,701.2122,701.8425,702.76666,703.8036,704.6383
1946.9305,1980.9607,2017.0197,2053.6152,2098.1707,2157.6396,2217.3367,2255.8481
699.9829,702.02844,702.13556,700.33075,696.7963,691.8199,685.8763,679.5903
1995.2963,2035.2975,2070.1414,2104.619,2140.014,2176.806,2214.6443,2252.1353
698.38904,700.7327,701.1633,701.18066,701.3971,701.9351,702.62476,703.2624
1980.9607,2017.0197,2053.6152,2098.1707,2157.6396,2217.3367,2255.8481,2290.207
702.02844,702.1355,700.33075,696.7963,691.8199,685.8763,679.5903,673.52496
2027.2134,2066.104,2099.6025,2132.755,2167.1677,2203.4312,2241.1838,2279.0361
699.03827,700.3646,700.1689,699.7771,699.6553,699.82837,700.18414,700.6326
2017.0197,2053.6155,2098.1707,2157.64,2217.3367,2255.8481,2290.2073,2350.584
702.1355,700.33075,696.7963,691.8199,685.8763,679.5903,673.52496,668.1934
2061.9707,2099.954,2132.4612,2164.6978,2198.4849,2234.4192,2272.0454,2309.9473
697.8394,698.3307,697.68945,697.01263,696.61945,696.49243,696.5788,696.8754
2053.6152,2098.1707,2157.6396,2217.3367,2255.8481,2290.2073,2350.584,2384.8745
700.3308,696.7963,691.81995,685.87634,679.5903,673.52496,668.1935,663.99115
2099.815,2138.311,2171.149,2203.7896,2238.1096,2274.521,2312.3235,2350.002
694.75684,694.5615,693.58325,692.7092,692.13074,691.81165,691.75415,692.0132
2098.1707,2157.6396,2217.3367,2255.8481,2290.207,2350.5837,2384.8743,2434.5063
696.7963,691.8199,685.8763,679.5903,673.52496,668.1934,663.99115,661.1373
2149.5725,2190.8281,2226.1167,2261.128,2297.4834,2335.1946,2373.283,2410.1702
690.0444,689.3964,688.18335,687.23627,686.6294,686.3175,686.3487,686.7836
2157.64,2217.3367,2255.8481,2290.2073,2350.584,2384.8745,2434.5063,2490.616
691.81995,685.87634,679.5903,673.52496,668.1935,663.99115,661.1373,659.6711
2212.5874,2255.7502,2292.9868,2329.7651,2367.4163,2405.783,2443.8416,2480.0247
684.46265,683.82385,682.55347,681.6263,681.0753,680.85175,681.0106,681.5861
2217.3367,2255.8481,2290.207,2350.5837,2384.8743,2434.5063,2490.6157,2532.4607
685.87634,679.5903,673.52496,668.1935,663.9912,661.1374,659.6711,659.4036
2268.4297,2309.4924,2345.2295,2380.769,2417.5227,2455.4658,2493.6438,2530.5078
678.71985,678.3496,677.1798,676.2493,675.66284,675.3742,675.4295,675.88586
2255.8481,2290.207,2350.584,2384.8745,2434.5063,2490.616,2532.461,2592.9639
679.5903,673.525,668.1935,663.9912,661.1374,659.6711,659.4037,659.85614
2302.2678,2340.794,2373.9673,2407.0503,2441.8333,2478.5762,2516.4492,2553.9272
672.77747,672.39886,671.31476,670.35815,669.68506,669.27264,669.1599,669.43097
2290.207,2350.584,2384.8745,2434.5063,2490.616,2532.461,2592.9639,2625.304
673.52496,668.1935,663.99115,661.1373,659.6711,659.4036,659.8561,660.8539
2338.8623,2378.4253,2411.9429,2445.261,2480.2722,2517.1733,2555.059,2592.3582
666.86475,666.27124,665.1602,664.21985,663.5663,663.1762,663.0974,663.41077
2350.5837,2384.8743,2434.5063,2490.6157,2532.4607,2592.9639,2625.304,2686.4294
668.1934,663.99115,661.1373,659.6711,659.4036,659.8561,660.8539,661.27545
2397.1328,2435.0774,2467.8188,2500.4268,2534.6638,2570.9922,2608.7993,2646.597
662.96094,663.2247,662.4581,661.71814,661.2578,661.0485,661.0703,661.35376
2384.8745,2434.5063,2490.616,2532.461,2592.9639,2625.304,2686.4294,2739.2766
663.9912,661.1374,659.6711,659.4037,659.85614,660.85394,661.27545,661.5392
2431.5159,2469.5757,2501.9377,2534.0315,2567.7722,2603.7234,2641.35,2679.181
659.38434,659.7578,659.11237,658.4529,658.0588,657.91223,657.9787,658.2692
2434.5063,2490.616,2532.461,2592.964,2625.304,2686.4294,2739.2766,2780.661
661.1373,659.6711,659.4036,659.8561,660.8539,661.27545,661.5391,661.31647
2483.7173,2523.0308,2556.5977,2589.818,2624.4436,2660.9778,2698.8708,2736.6023
657.44977,658.28,657.84717,657.35394,657.1481,657.20746,657.455,657.84827
2490.616,2532.461,2592.9639,2625.304,2686.4294,2739.2766,2780.661,2829.267
659.6711,659.4036,659.8561,660.8539,661.2754,661.5391,661.31647,660.5058
2538.5906,2577.2383,2610.5574,2643.5667,2677.8757,2714.0698,2751.771,2789.5654
656.8933,658.4002,658.34,658.06635,658.0463,658.3101,658.7401,659.23016
2532.461,2592.964,2625.3042,2686.4297,2739.2766,2780.661,2829.2673,2883.9778
659.4036,659.8561,660.8539,661.27545,661.5391,661.31647,660.5058,659.4116
2583.161,2623.5103,2657.9878,2691.9807,2727.1155,2763.8948,2801.8188,2839.361
656.9115,658.43097,658.37836,658.1255,658.1463,658.4552,658.9177,659.41455
2592.964,2625.304,2686.4294,2739.2766,2780.661,2829.2673,2883.9778,2930.4492
659.8561,660.8539,661.27545,661.5391,661.31647,660.5058,659.41156,658.25806
2639.5989,2677.6985,2710.681,2743.3684,2777.278,2813.0422,2850.4285,2888.1453
657.95,660.0382,660.37103,660.34894,660.521,660.9932,661.63196,662.2679
2625.304,2686.4294,2739.2764,2780.6606,2829.267,2883.9775,2930.4492,2979.4387
660.8539,661.27545,661.5391,661.31647,660.5058,659.41156,658.25806,657.4358
2674.7979,2714.7542,2748.7412,2782.2268,2816.9004,2853.326,2891.0793,2928.692
658.61475,660.17896,660.2017,659.9892,660.02924,660.3596,660.8472,661.36273
2686.4294,2739.2766,2780.6606,2829.267,2883.9778,2930.4492,2979.4387,3026.0515
661.27545,661.5391,661.31647,660.5058,659.41156,658.25806,657.4358,657.11957
2737.346,2777.9878,2813.0361,2847.6228,2883.2134,2920.2683,2958.2883,2995.7463
658.9352,660.6903,660.7414,660.54095,660.6107,660.97955,661.49493,662.01624
2739.2766,2780.6606,2829.267,2883.9778,2930.4492,2979.4387,3026.0515,3078.5696
661.5391,661.31647,660.5058,659.4116,658.25806,657.4358,657.11957,657.6357
2788.0884,2827.69,2861.9546,2895.8489,2930.8582,2967.5059,3005.383,3043.0435
659.00616,660.77167,660.83997,660.6345,660.67804,661.01825,661.5166,662.0404
2780.661,2829.2673,2883.9778,2930.4492,2979.439,3026.0518,3078.5698,3121.9524
661.31647,660.5058,659.41156,658.25806,657.4358,657.11957,657.6357,659.1437
2828.9666,2868.362,2902.1702,2935.5764,2970.2053,3006.6199,3044.4119,3082.14
658.55096,660.0228,659.9562,659.66754,659.6341,659.8879,660.309,660.7911
2829.2673,2883.9778,2930.4492,2979.439,3026.0518,3078.5698,3121.9524,3169.0364
660.5058,659.41156,658.25806,657.4358,657.11957,657.6357,659.1437,661.47253
2879.1865,2919.3464,2953.8254,2987.8716,3023.0688,3059.909,3097.89,3135.4968
657.60986,658.98224,658.8348,658.5072,658.45825,658.6961,659.09906,659.56793
2883.9775,2930.4492,2979.4387,3026.0515,3078.5696,3121.9521,3169.0361,3210.1943
659.4116,658.25806,657.4358,657.11957,657.6357,659.1437,661.4726,664.4886
2933.3801,2973.1526,3007.5256,3041.5288,3076.669,3113.446,3151.4001,3189.0488
656.6078,658.1671,658.1149,657.83997,657.8308,658.11194,658.5542,659.04517
2930.4492,2979.439,3026.0518,3078.5698,3121.9524,3169.0364,3210.1946,3254.8496
658.25806,657.4357,657.11957,657.6357,659.1437,661.47253,664.4885,667.7761
2979.508,3019.0671,3053.149,3086.8452,3121.703,3158.2576,3196.0928,3233.7556
655.7182,657.3729,657.4099,657.1934,657.22595,657.5494,658.0311,658.5455
2979.4387,3026.0515,3078.5696,3121.9524,3169.0361,3210.1943,3254.8496,3312.7078
657.4357,657.11957,657.6357,659.1437,661.47253,664.4885,667.7761,670.7988
3027.693,3066.699,3100.3225,3133.5872,3168.0276,3204.223,3241.844,3279.5083
655.39404,657.3057,657.54175,657.4584,657.5899,658.0174,658.6015,659.1854
3026.0515,3078.5696,3121.9521,3169.0361,3210.1943,3254.8494,3312.7078,3365.6863
657.11957,657.6357,659.1437,661.4726,664.4886,667.7761,670.7989,673.2297
3075.1626,3114.5642,3148.469,3181.9734,3216.5793,3252.8398,3290.4192,3327.9282
655.64056,657.8142,658.24365,658.30066,658.54926,659.09875,659.796,660.44824
3078.5696,3121.9521,3169.0361,3210.1943,3254.8494,3312.7078,3365.6863,3402.2153
657.6357,659.1437,661.47253,664.4885,667.7761,670.7988,673.2297,674.72485
3126.376,3164.9827,3198.3738,3231.442,3265.6042,3301.4204,3338.6501,3376.0137
656.8697,659.54675,660.3686,660.71155,661.1689,661.9271,662.8454,663.6795
3121.9524,3169.0364,3210.1946,3254.8496,3312.708,3365.6865,3402.2156,3422.0762
659.1437,661.47253,664.4885,667.7761,670.7988,673.2297,674.72485,675.0106
3169.402,3207.875,3241.0112,3273.804,3307.692,3343.2285,3380.1978,3417.3618
658.9779,661.9122,662.98865,663.54047,664.1572,665.06647,666.1444,667.11816
3169.0364,3210.1946,3254.8496,3312.708,3365.6865,3402.2156,3422.0762,3447.4182
661.4726,664.4886,667.7761,670.7989,673.2297,674.72485,675.0107,674.18677
3215.1868,3252.9558,3285.5352,3317.826,3351.2458,3386.346,3422.9583,3459.92
661.80646,665.04266,666.4107,667.2151,668.02686,669.11597,670.39386,671.5699
3210.1943,3254.8494,3312.7078,3365.6863,3402.2153,3422.076,3447.418,3472.1729
664.4886,667.7762,670.7989,673.22974,674.7249,675.0107,674.18677,672.19604
3256.2378,3294.0515,3326.5498,3358.7344,3392.0544,3427.06,3463.5818,3500.4626
665.04425,668.3171,669.75037,670.61755,671.4812,672.6179,673.94653,675.17224
3254.8494,3312.7078,3365.6865,3402.2153,3422.0762,3447.418,3472.1729,3484.9932
667.7762,670.7989,673.22974,674.7249,675.0107,674.18677,672.19604,669.4069
3304.4238,3344.2847,3378.5244,3412.325,3447.067,3483.2004,3520.3909,3557.3054
668.02734,671.088,672.2553,672.8736,673.5483,674.512,675.61707,676.56433
3312.708,3365.6865,3402.2156,3422.0762,3447.4182,3472.173,3484.9934,3500.656
670.7988,673.2297,674.72485,675.0107,674.18677,672.196,669.40686,665.7563
3364.0503,3404.9773,3440.4512,3475.4507,3511.22,3548.1482,3585.8103,3622.7698
670.317,673.20435,674.0938,674.4619,674.95105,675.7452,676.6567,677.4117
3365.6865,3402.2153,3422.0762,3447.418,3472.1729,3484.9932,3500.656,3518.1228
673.22974,674.7249,675.0107,674.18677,672.19604,669.40686,665.75635,661.58093
3413.9153,3453.284,3487.537,3521.4546,3556.347,3592.7158,3630.2644,3667.6582
672.125,674.76996,675.48926,675.72687,676.1003,676.7831,677.61725,678.36646
3402.2156,3422.0762,3447.418,3472.173,3484.9932,3500.656,3518.1228,3536.4207
674.72485,675.0107,674.18677,672.196,669.40686,665.7563,661.5809,657.23224
3444.0693,3479.9736,3510.894,3541.4978,3573.4092,3607.4482,3643.7004,3681.2012
673.3123,675.5725,676.1676,676.321,676.5818,677.1388,677.9059,678.70197
3422.076,3447.418,3472.1729,3484.9932,3500.656,3518.1228,3536.4207,3543.7805
675.0107,674.1867,672.196,669.40686,665.7563,661.5809,657.23224,652.9912
3458.7368,3491.611,3519.0586,3545.8745,3574.085,3604.885,3638.7908,3675.3135
673.18365,674.6555,674.8878,674.767,674.74225,674.9807,675.44806,676.0414
3447.418,3472.173,3484.9932,3500.656,3518.1228,3536.4207,3543.7805,3564.1316
674.18677,672.19604,669.40686,665.75635,661.5809,657.2323,652.9912,649.1424
3480.9097,3511.6152,3536.8066,3561.143,3586.7751,3615.1006,3646.9219,3682.1145
671.8951,672.7867,672.7352,672.3853,672.10675,672.0524,672.2161,672.5387
3472.1729,3484.9932,3500.656,3518.1228,3536.4207,3543.7805,3564.1316,3577.3625
672.19604,669.40686,665.75635,661.58093,657.2323,652.9912,649.1424,645.916
3501.7747,3529.9917,3552.88,3574.6445,3597.374,3622.5684,3651.3418,3684.0903
669.67004,670.2972,670.15247,669.69916,669.25256,668.976,668.9032,669.0047
3484.9934,3500.6562,3518.123,3536.421,3543.7808,3564.1318,3577.3628,3585.5723
669.4069,665.75635,661.58093,657.2323,652.9912,649.1424,645.916,643.7141
3508.791,3533.813,3553.3948,3571.4192,3589.844,3610.1125,3633.5454,3661.173
666.3192,666.3798,666.04944,665.4096,664.6652,663.96265,663.38135,662.9513
3500.656,3518.1228,3536.4207,3543.7805,3564.1316,3577.3625,3585.572,3591.5786
665.7563,661.5809,657.23224,652.9912,649.14233,645.916,643.71405,642.7635
3521.0757,3544.0862,3561.773,3577.7498,3593.8076,3611.2307,3631.2666,3655.1243
662.47015,662.24664,661.85596,661.167,660.3177,659.4296,658.58813,657.8494
3518.1228,3536.4207,3543.7805,3564.1316,3577.3625,3585.572,3591.5786,3597.342
661.5809,657.23224,652.99115,649.14233,645.916,643.71405,642.7635,643.213
3537.928,3560.23,3577.314,3592.6804,3608.0503,3624.645,3643.6624,3666.318
658.3601,658.05145,657.64825,656.9607,656.1039,655.1891,654.29926,653.49414
3536.4207,3543.7805,3564.1316,3577.3625,3585.572,3591.5786,3597.342,3604.629
657.23224,652.9912,649.14233,645.916,643.71405,642.7635,643.213,645.0964
3554.8845,3576.2554,3592.7249,3607.4268,3621.9314,3637.349,3654.7788,3675.401
654.4505,654.3165,654.03204,653.44354,652.6687,651.82025,650.9828,650.21796
3543.7805,3564.1316,3577.3625,3585.572,3591.5786,3597.342,3604.629,3610.1138
652.9912,649.14233,645.916,643.71405,642.7635,643.213,645.0964,648.19116
3557.9175,3577.1602,3591.5564,3604.114,3616.2336,3628.791,3642.611,3658.6377
650.24585,649.92365,649.6532,649.0985,648.3222,647.40533,646.4161,645.4097
3564.1316,3577.3625,3585.572,3591.5786,3597.342,3604.629,3610.1138,3615.7368
649.14233,645.916,643.71405,642.76355,643.213,645.0964,648.19116,652.47864
3580.9834,3600.9146,3616.0366,3629.3037,3642.1174,3655.4016,3670.0461,3687.0562
647.2908,647.2722,647.1164,646.66077,646.0045,645.2509,644.4809,643.7563
3577.3625,3585.572,3591.5786,3597.342,3604.629,3610.1138,3615.7368,3622.3062
645.916,643.71405,642.7635,643.213,645.0964,648.19116,652.47864,657.6388
3592.3518,3611.1868,3625.437,3637.7737,3649.4497,3661.2488,3673.8926,3688.195
644.8521,645.08356,645.10364,644.80444,644.28766,643.65594,642.99133,642.35657
3585.572,3591.5786,3597.342,3604.629,3610.1138,3615.7368,3622.3062,3629.7395
643.71405,642.76355,643.213,645.0964,648.19116,652.47864,657.6388,663.3653
3595.8442,3612.268,3624.6355,3635.1453,3644.8096,3654.192,3663.7507,3673.971
643.428,643.7521,643.90533,643.7544,643.37024,642.8304,642.20105,641.53406
3591.5786,3597.342,3604.629,3610.1138,3615.7368,3622.3062,3629.7395,3637.7744
642.7635,643.213,645.0964,648.19116,652.47864,657.6388,663.3653,669.3123
3597.2725,3611.03,3621.5664,3630.5283,3638.673,3646.385,3653.941,3661.6074
643.3022,643.64,643.854,643.8147,643.5622,643.14453,642.60693,641.9872
3597.3423,3604.6292,3610.1138,3615.737,3622.3064,3629.7397,3637.7747,3646.514
643.2131,645.09644,648.19116,652.47864,657.63885,663.3653,669.3123,675.0728
3600.8801,3612.5002,3621.7122,3629.7024,3637.0134,3643.9033,3650.5493,3657.1162
644.60254,644.9491,645.16223,645.177,645.01697,644.70886,644.28094,643.75977
3604.629,3610.1138,3615.7368,3622.3062,3629.7395,3637.7744,3646.5137,3655.7976
645.0964,648.19116,652.47864,657.6388,663.3653,669.3123,675.0728,680.37024
3608.8486,3619.5898,3628.2866,3635.8994,3642.8699,3649.4065,3655.651,3661.7332
647.39557,647.8743,648.14197,648.22595,648.1537,647.9476,647.6312,647.2282
3610.114,3615.737,3622.3064,3629.7397,3637.7747,3646.514,3655.7979,3665.4785
648.19116,652.47864,657.6388,663.3653,669.3123,675.0728,680.37024,685.0204
3615.283,3625.284,3633.53,3640.8171,3647.5105,3653.7766,3659.7285,3665.4707
651.2405,651.8862,652.2196,652.3722,652.3829,652.2734,652.064,651.7756
3615.7368,3622.3062,3629.7395,3637.7744,3646.5137,3655.7976,3665.4785,3675.3853
652.47864,657.6388,663.3653,669.3123,675.0728,680.37024,685.0204,688.9276
3622.6807,3632.6458,3640.8481,3648.0845,3654.7139,3660.8977,3666.7456,3672.3562
656.222,657.1304,657.6125,657.894,658.0336,658.06085,657.9999,657.87366
3622.3062,3629.7395,3637.7744,3646.5137,3655.7976,3665.4783,3675.385,3685.289
657.6388,663.3653,669.3123,675.0728,680.37024,685.0204,688.9276,692.06573
3631.5996,3642.413,3651.1362,3658.7495,3665.6892,3672.1602,3678.3042,3684.2505
662.0856,663.41345,664.20557,664.7651,665.1768,665.48834,665.7375,665.95905
3629.7395,3637.7744,3646.5137,3655.7976,3665.4783,3675.385,3685.289,3695.1367
663.3653,669.3123,675.0728,680.37024,685.0204,688.9276,692.06573,694.39496
3641.3604,3653.5554,3663.2065,3671.5952,3679.2961,3686.61,3693.7722,3701.0217
668.37946,670.20825,671.4326,672.41266,673.26306,674.05945,674.868,675.75415
3637.7744,3646.5137,3655.7976,3665.4783,3675.385,3685.289,3695.1367,3704.6082
669.3123,675.0728,680.37024,685.02045,688.9276,692.06573,694.395,695.9961
3651.176,3664.834,3675.5164,3684.8328,3693.519,3702.0022,3710.657,3719.9048
674.51514,676.6999,678.2698,679.60443,680.8433,682.09357,683.4595,685.05334
3646.5137,3655.7976,3665.4783,3675.385,3685.289,3695.1367,3704.6082,3713.6357
675.0728,680.37024,685.02045,688.9276,692.06573,694.39496,695.9961,696.90173
3661.223,3676.2534,3687.9175,3698.1165,3707.7185,3717.2437,3727.159,3737.9976
679.98724,682.2381,683.88824,685.29126,686.59344,687.9184,689.3901,691.14264
3655.7976,3665.4783,3675.385,3685.289,3695.1367,3704.6082,3713.6357,3722.18
680.37024,685.02045,688.9276,692.06573,694.39496,695.9961,696.90173,697.15875
3671.4124,3687.5842,3700.058,3710.9495,3721.2002,3731.3564,3741.8916,3753.331
684.526,686.5202,687.93286,689.05273,690.0174,690.9508,691.97546,693.2158
3665.4783,3675.3853,3685.289,3695.1367,3704.6082,3713.6357,3722.18,3730.0125
685.0204,688.9276,692.06573,694.39496,695.9961,696.90173,697.15875,696.8939
3681.6382,3698.6912,3711.7751,3723.1604,3733.8357,3744.361,3755.2146,3766.925
688.0617,689.5708,690.5406,691.1788,691.6159,691.9775,692.38257,692.94116
3675.3853,3685.2893,3695.137,3704.6084,3713.636,3722.18,3730.0127,3737.007
688.92755,692.06573,694.39496,695.99603,696.90173,697.15875,696.8939,696.2213
3691.699,3709.365,3722.8547,3734.5676,3745.551,3756.4126,3767.689,3779.9832
690.6661,691.6022,692.0891,692.24744,692.1994,692.0659,691.9531,691.9492
3685.289,3695.137,3704.6084,3713.6357,3722.18,3730.0125,3737.007,3743.2708
692.06573,694.39496,695.9961,696.90173,697.15875,696.894,696.2213,695.174
3701.3237,3719.3303,3733.0261,3744.9258,3756.1477,3767.37,3779.2134,3792.3838
692.4789,692.8651,692.9451,692.7339,692.33154,691.8403,691.3446,690.9104
3695.1367,3704.6082,3713.6357,3722.18,3730.0125,3737.0068,3743.2708,3748.606
694.39496,695.9961,696.90173,697.15875,696.8939,696.2213,695.174,693.90155
3710.459,3728.552,3742.281,3754.241,3765.6116,3777.1274,3789.475,3803.441
693.64734,693.59033,693.39264,692.94855,692.3249,691.6003,690.84064,690.0982
3704.6082,3713.6357,3722.18,3730.0125,3737.0068,3743.2708,3748.606,3753.165
695.9961,696.90173,697.15875,696.8939,696.2213,695.174,693.90155,692.42926
3718.769,3736.68,3750.2622,3762.1328,3773.4968,3785.1118,3797.6892,3812.0493
694.32196,693.93036,693.56665,692.9939,692.2431,691.3724,690.4349,689.47577
3713.6357,3722.18,3730.0125,3737.0068,3743.2708,3748.606,3753.165,3756.8838
696.90173,697.15875,696.894,696.2213,695.174,693.9016,692.4293,690.8718
3726.3208,3743.8557,3757.1697,3768.8403,3780.064,3791.5876,3804.1125,3818.4512
694.5496,693.9214,693.4741,692.84503,692.03375,691.08246,690.036,688.93555
3722.18,3730.0125,3737.0068,3743.2708,3748.606,3753.1653,3756.8838,3759.8608
697.15875,696.8939,696.2213,695.174,693.90155,692.42926,690.8718,689.2813
3733.1692,3750.1821,3763.1387,3774.5212,3785.4868,3796.7466,3808.9631,3822.907
694.37024,693.59076,693.11804,692.4829,691.6602,690.68,689.58093,688.4008
3730.0125,3737.007,3743.2708,3748.606,3753.1653,3756.8838,3759.8608,3762.281
696.8939,696.2213,695.174,693.90155,692.42926,690.87177,689.2813,687.66785
3739.0574,3755.392,3767.8916,3778.893,3789.4846,3800.3208,3812.0022,3825.2283
693.86743,693.0009,692.5421,691.9369,691.1399,690.1712,689.06415,687.8523
3737.0068,3743.2708,3748.606,3753.165,3756.8838,3759.8608,3762.281,3764.0356
696.2213,695.174,693.9016,692.4293,690.8718,689.2814,687.6679,686.1479
3743.922,3759.4453,3771.411,3781.9707,3792.1216,3802.448,3813.4753,3825.8135
693.0961,692.1862,691.7653,691.21356,690.46906,689.54254,688.462,687.2567
3743.271,3748.6062,3753.1653,3756.8838,3759.861,3762.2812,3764.0356,3765.1855
695.174,693.90155,692.4293,690.8718,689.2814,687.66785,686.1478,684.762
3747.9917,3762.5981,3773.9788,3784.066,3793.747,3803.527,3813.8503,3825.23
692.0904,691.1802,690.81305,690.33124,689.6599,688.80133,687.77826,686.6157
3748.606,3753.1653,3756.8838,3759.8608,3762.281,3764.0356,3765.1855,3765.9875
693.90155,692.4293,690.8718,689.2814,687.66785,686.1478,684.762,683.4635
3751.0713,3764.6204,3775.3489,3784.936,3794.138,3803.3726,3813.0002,3823.4358
690.9444,690.0633,689.7573,689.35516,688.7716,688.00006,687.0577,685.96545
3753.165,3756.8838,3759.8608,3762.281,3764.0354,3765.1855,3765.9875,3766.375
692.42926,690.87177,689.2813,687.66785,686.1478,684.76196,683.46344,682.3278
3753.489,3765.8452,3775.863,3784.9385,3793.676,3802.399,3811.3848,3820.956
689.68726,688.86615,688.6216,688.3009,687.81244,687.1408,686.29663,685.29694
3756.8838,3759.8608,3762.2812,3764.0356,3765.1855,3765.9875,3766.3752,3766.4873
690.8718,689.2814,687.6679,686.1479,684.762,683.4635,682.3279,681.33905
3755.272,3766.2292,3775.4338,3783.9668,3792.2512,3800.5046,3808.9204,3817.7341
688.40485,687.674,687.48596,687.243,686.8518,686.28796,685.5545,684.66376
3759.8608,3762.281,3764.0356,3765.1855,3765.9875,3766.3752,3766.4873,3766.2124
689.2814,687.6679,686.1479,684.762,683.4635,682.3279,681.33905,680.57104
3756.763,3766.0706,3774.3184,3782.2578,3790.0974,3797.9333,3805.8708,3814.0635
687.12054,686.51294,686.3713,686.1935,685.893,685.43695,684.8191,684.0458
3762.281,3764.0356,3765.1855,3765.9875,3766.3752,3766.4873,3766.2122,3765.9014
687.6679,686.1479,684.762,683.4635,682.3279,681.33905,680.57104,679.89764
3758.3472,3765.7595,3772.8762,3780.1448,3787.5312,3794.9927,3802.537,3810.24
685.83734,685.3932,685.28894,685.1578,684.9336,684.57764,684.0737,683.4202
3764.0354,3765.1855,3765.9875,3766.375,3766.487,3766.2122,3765.9014,3765.3196
686.1478,684.76196,683.46344,682.3278,681.339,680.571,679.89764,679.424
3759.9797,3765.2502,3770.9768,3777.4194,3784.2935,3791.3909,3798.606,3805.929
684.6268,684.39386,684.3344,684.2328,684.0667,683.79956,683.4053,682.8723
3765.1855,3765.9875,3766.3752,3766.4873,3766.2124,3765.9016,3765.3198,3764.6194
684.76196,683.46344,682.3278,681.339,680.571,679.8976,679.424,679.0948
3761.588,3764.838,3769.0312,3774.4963,3780.7793,3787.51,3794.4534,3801.507
683.4676,683.44965,683.4679,683.3914,683.2612,683.0609,682.7597,682.336
3765.9875,3766.3752,3766.4873,3766.2124,3765.9016,3765.3198,3764.6194,3763.9888
683.4635,682.3279,681.33905,680.57104,679.89764,679.4241,679.09485,678.8389
3762.8777,3764.714,3767.62,3772.1406,3777.8235,3784.2031,3790.9277,3797.8052
682.30457,682.4335,682.5576,682.5233,682.4155,682.25586,682.02014,681.68005
3766.3752,3766.4873,3766.2122,3765.9014,3765.3196,3764.6194,3763.9888,3763.1985
682.3279,681.339,680.57104,679.89764,679.4241,679.09485,678.8389,678.7539
3763.5437,3764.488,3766.5264,3770.2605,3775.3787,3781.4219,3787.9565,3794.7112
681.1889,681.409,681.6375,681.6723,681.5904,681.4551,681.261,680.9793
3766.4873,3766.2124,3765.9016,3765.3198,3764.6194,3763.9888,3763.1985,3762.481
681.33905,680.57104,679.89764,679.4241,679.09485,678.8389,678.7539,678.74805
3763.8455,3764.135,3765.694,3768.8872,3773.5437,3779.292,3785.6628,3792.325
680.12634,680.43207,680.7347,680.8455,680.797,680.67847,680.509,680.26447
3766.2124,3765.9016,3765.3198,3764.6194,3763.989,3763.1985,3762.481,3761.747
680.57104,679.89764,679.424,679.09485,678.83887,678.7539,678.748,678.8545
3763.7866,3763.4968,3764.8018,3767.6477,3771.931,3777.4143,3783.6333,3790.2146
679.20105,679.59625,679.9542,680.1386,680.1315,680.0286,679.87427,679.6532
3765.9016,3765.3198,3764.6196,3763.989,3763.1987,3762.4812,3761.7473,3761.0286
679.89764,679.4241,679.09485,678.8389,678.7539,678.74805,678.8545,679.0516
3763.7207,3762.9453,3764.103,3766.7583,3770.7886,3776.0747,3782.1755,3788.6934
678.38776,678.8589,679.2539,679.48944,679.51807,679.4284,679.2831,679.0759
3765.3196,3764.6194,3763.9888,3763.1985,3762.481,3761.747,3761.0283,3760.4014
679.4241,679.09485,678.8389,678.7539,678.748,678.8545,679.0515,679.29443
3763.3647,3762.1802,3763.2402,3765.7852,3769.6238,3774.7434,3780.739,3787.1992
677.77997,678.3078,678.7364,679.0132,679.07587,678.99927,678.8605,678.66254
3764.6194,3763.9888,3763.1985,3762.481,3761.747,3761.0283,3760.4014,3759.8262
679.09485,678.8389,678.75397,678.74805,678.8545,679.0516,679.29443,679.58386
3762.8582,3761.3582,3762.3523,3764.841,3768.5444,3773.5332,3779.4424,3785.8545
677.33856,677.9009,678.35803,678.6652,678.7567,678.69183,678.5577,678.3654
3763.9888,3763.1985,3762.481,3761.747,3761.0283,3760.4014,3759.8264,3759.2878
678.8389,678.7539,678.748,678.8545,679.0515,679.29443,679.58386,679.9133
3762.3713,3760.6597,3761.6052,3764.0647,3767.6838,3772.5862,3778.436,3784.814
677.02014,677.60065,678.07635,678.401,678.5111,678.45416,678.3229,678.13403
3763.1985,3762.481,3761.747,3761.0283,3760.4014,3759.8262,3759.2878,3758.8958
678.75397,678.74805,678.8545,679.0516,679.29443,679.58386,679.9134,680.2268
3761.6792,3759.812,3760.7283,3763.178,3766.7327,3771.561,3777.3582,3783.7053
676.8772,677.46497,677.9585,678.2982,678.42535,678.3761,678.2471,678.0605
3762.481,3761.747,3761.0283,3760.4014,3759.8264,3759.2878,3758.896,3758.4692
678.748,678.8545,679.0515,679.2944,679.58386,679.9133,680.22675,680.5808
3761.021,3759.0623,3759.9626,3762.4114,3765.9265,3770.7068,3776.4683,3782.7937
676.8387,677.42786,677.9322,678.2806,678.4185,678.37415,678.24646,678.061
3761.747,3761.0283,3760.4014,3759.8264,3759.2878,3758.8958,3758.4692,3758.079
678.8545,679.0515,679.2944,679.58386,679.9133,680.22675,680.5808,680.9291
3760.3123,3758.302,3759.1985,3761.6526,3765.142,3769.8867,3775.6208,3781.93
676.9217,677.5084,678.0207,678.3751,678.5212,678.4807,678.3539,678.16895
3761.0283,3760.4014,3759.8264,3759.2878,3758.8958,3758.4692,3758.079,3757.8865
679.0515,679.29443,679.58386,679.9133,680.22675,680.5808,680.9291,681.19147
3759.5945,3757.563,3758.465,3760.93,3764.404,3769.1238,3774.838,3781.1345
677.0991,677.6816,678.1994,678.558,678.7102,678.67267,678.5463,678.36145
3760.4016,3759.8264,3759.288,3758.896,3758.4692,3758.0793,3757.8867,3757.6355
679.2944,679.58386,679.9133,680.22675,680.5808,680.9291,681.19147,681.45776
3758.9495,3756.9258,3757.84,3760.3164,3763.786,3768.4937,3774.1978,3780.4875
677.33185,677.9104,678.4297,678.78973,678.94476,678.9086,678.78235,678.5971
3759.8264,3759.2878,3758.896,3758.4692,3758.079,3757.8867,3757.6353,3757.551
679.58386,679.9134,680.2268,680.5809,680.9291,681.1915,681.4578,681.6329
3758.3435,3756.3423,3757.272,3759.7603,3763.2302,3767.933,3773.6318,3779.9187
677.6132,678.1891,678.7083,679.0688,679.2253,679.1899,679.0635,678.87775
3759.2878,3758.896,3758.4692,3758.0793,3757.8867,3757.6353,3757.551,3757.505
679.9133,680.22675,680.5808,680.9291,681.19147,681.45776,681.6329,681.76996
3757.7637,3755.7964,3756.7458,3759.248,3762.723,3767.4248,3773.1218,3779.407
677.931,678.5044,679.0233,679.3841,679.54156,679.5067,679.3801,679.1938
3758.8958,3758.4692,3758.079,3757.8865,3757.6353,3757.551,3757.505,3757.5881
680.22675,680.5808,680.9291,681.19147,681.45776,681.6328,681.76996,681.8379
